attr1,attr2,attr3,attr4,attr5,attr6,attr7,attr8,attr9,attr10,attr11,attr12,attr13,attr14,attr15,attr16,attr17,attr18,attr19,attr20,attr21,attr22,attr23,attr24,attr25,attr26,attr27,attr28,attr29,attr30,attr31,attr32,attr33,attr34,attr35,attr36,attr37,attr38,attr39,attr40,attr41,attr42,attr43,attr44,attr45,attr46,attr47,attr48,attr49,attr50,attr51,attr52,attr53,attr54,attr55,attr56,attr57,attr58,attr59,attr60,class
0.8370206489675518,0.49592798971281615,0.2795663600525624,0.07132667617689016,0.04184630991630737,0.31308787960225753,0.645021645021645,0.5746416758544652,0.6324596475640455,0.7528957528957527,0.5000708918190842,0.11063892145369283,0.062185115877357144,0.1569557595132515,0.38880529641889855,0.350091593730918,0.27893482540669357,0.2132987012987013,0.375131495897328,0.8282320205479452,0.9764966273187183,0.4560883345261221,0.004980396312387413,0.19506198135436945,0.11352459016393443,0.21290891067298157,0.11934026683475157,0.2434129271305064,0.4485592532467532,0.6273569830616811,0.257874659400545,0.3248708155470681,0.5138086737372677,0.679915209326974,0.8594660938938326,0.8535282258064516,0.8197026022304834,0.897681189560154,0.8914189331646638,0.6502178649237473,0.28372900984365956,0.10378510378510379,0.15220483641536273,0.3470754960061839,0.7412567529144156,0.5803620405924301,0.423759507424846,0.5774183887391435,0.5512367491166078,0.6145454545454546,0.22709163346613548,0.12981455064194009,0.15584415584415584,0.2192982456140351,0.36281179138322,0.27179487179487183,0.53125,0.3157894736842105,0.18457300275482091,0.18475750577367206,2
0.1489675516224189,0.1431633090441492,0.123850197109067,0.0423204945316215,0.2571645954856708,0.2854071486159635,0.3693181818181818,0.2103638368246968,0.15874426180956613,0.2379522379522379,0.5373599886573089,0.5681418522860492,0.5454152871743199,0.49551407651851087,0.6498144247166214,0.8051088947689803,0.9812454667910063,0.9999999999999999,0.9376183463075953,0.8343321917808219,0.8003794266441822,0.8425518863101932,0.5986012503973719,0.5712529453949391,0.7689549180327867,0.8021808569225685,0.5378716251707113,0.27840675174969126,0.4936079545454545,0.6407798018536273,0.5744959128065396,0.41013255448213887,0.3432741783051559,0.34647588765235826,0.1387951314309093,0.13528225806451613,0.19451126175377215,0.1542060933763128,0.06662449926207042,0.24825708061002177,0.21783439490445858,0.2409035409035409,0.09181430234061812,0.20690543674310743,0.23727608757463747,0.23313219967087223,0.3312205722564288,0.4201856843366278,0.25542655224634025,0.2715151515151515,0.0946215139442231,0.032810271041369465,0.2545454545454545,0.19883040935672514,0.16099773242630389,0.2307692307692308,0.07954545454545454,0.06178489702517163,0.03305785123966942,0.14549653579676675,1
0.137905604719764,0.04200600085726533,0.10183968462549277,0.043033761293390406,0.18767435962465123,0.38349905939263645,0.3033008658008658,0.12194046306504962,0.1839182585517548,0.1797511797511797,0.0785481355451581,0.004835873388042207,0.15402331941845404,0.2859647313602145,0.5570267830273848,0.7949318135558723,0.8281007149518185,0.79812987012987,0.8544077424784348,0.868257705479452,0.9381323777403034,0.938963296186484,0.9373741655187028,1.0000000000000002,0.9718237704918032,0.9238902962881373,0.9318205693875409,0.7238575545491972,0.4339488636363636,0.28028124001278365,0.4009809264305178,0.47259042911705235,0.3732017221463824,0.2954954954954955,0.22870001022808636,0.1278225806451613,0.23944893942707196,0.19465529790995117,0.12934851359898797,0.14901960784313723,0.0561667631731326,0.06263736263736264,0.11056511056511058,0.16258696212316415,0.16391811202729598,0.07816785518376304,0.077145961608113,0.1272836178496556,0.11862695608278648,0.007272727272727272,0.18725099601593626,0.16975748930099854,0.19740259740259739,0.16666666666666669,0.08390022675736962,0.1564102564102564,0.1306818181818182,0.11670480549199086,0.19834710743801653,0.11085450346420324,1
0.702802359882006,0.3493356193741963,0.2017082785808147,0.1307655729909653,0.13948769972102457,0.29696318194033866,0.246482683982684,0.9190738699007718,0.8394787501851029,0.7024167024167023,0.4535658584999291,0.21453692848769051,0.2723477760184253,0.29019284314736515,0.4206038720032099,0.5241196824750662,0.21624702103408977,0.1567792207792208,0.14874815905743743,0.8203125,1.0,0.39433595746856154,0.04206845395782558,0.1730355496363078,0.22325819672131145,0.31600396519440466,0.2533879609202647,0.3259571840263483,0.3686079545454545,0.49003941621391284,0.19989100817438693,0.32925185351606384,0.4519584164653996,0.6257551669316376,0.6629845555896492,0.7353830645161291,0.7659085939208398,0.7704065716959552,0.6764705882352942,0.5601307189542485,0.2781702374059062,0.18180708180708183,0.26108884003620847,0.2874259211543416,0.6000852999715667,0.4205979155238618,0.24067366896052153,0.40401317759808325,0.5335689045936396,0.6048484848484849,0.2051792828685259,0.09272467902995721,0.19740259740259739,0.8567251461988303,0.41723356009070295,0.5333333333333334,0.34943181818181823,0.45308924485125857,0.5757575757575758,0.08083140877598154,2
0.15486725663716816,0.005572224603514787,0.01971090670170828,0.009272467902995721,0.0958660918082678,0.21607094866971244,0.23160173160173164,0.13230429988974643,0.2293795350214719,0.19147719147719144,0.16347653480788318,0.10433763188745604,0.062473009932344906,0.14107455914200268,0.06791052262012237,0.06940769387339711,0.23220391669257073,0.23937662337662338,0.273511466442247,0.4304366438356164,0.5739881956155144,0.7183314589510276,0.8699798664829923,0.9194754635795513,0.9264344262295081,0.9936116312369202,1.0,0.9043845203787567,0.8523741883116882,0.7116224565888996,0.6558038147138966,0.6365985171871489,0.5367006195526619,0.6099629040805511,0.6190037843919403,0.5422379032258066,0.4849114366936367,0.37246542580846426,0.18089816571790007,0.1671023965141612,0.1709322524609149,0.07277167277167276,0.09802146644251908,0.06261272867817573,0.050184816605061126,0.040729566648381794,0.043643607388627305,0.11350703803533994,0.060070671378091876,0.08848484848484849,0.05079681274900399,0.03708987161198288,0.3220779220779221,0.2631578947368421,0.08616780045351476,0.13589743589743591,0.07670454545454547,0.07322654462242562,0.055096418732782364,0.04849884526558892,1
0.16224188790560473,0.0917273896270896,0.04993429697766097,0.10889205896338565,0.17220390565559215,0.27385111529158834,0.3314393939393939,0.3664829106945976,0.4440989189989634,0.44129844129844126,0.37671912661278883,0.3294255568581478,0.33482078595077014,0.15809013096834074,0.13862975223191895,0.2907592102584979,0.3404828515179774,0.3648831168831168,0.26151904060593306,0.16727311643835616,0.1172006745362563,0.11491667518658624,0.15714739853767085,0.36389714168630266,0.566700819672131,0.7295957704593016,0.8325454354448998,0.8504528612597777,0.9021915584415583,1.0,0.9988010899182563,0.8434059761851269,0.6232279743778221,0.6119766825649179,0.6762810678122124,0.7753024193548387,0.8455062322326701,0.7323489653738173,0.6244992620704196,0.609041394335512,0.471685002895194,0.4035409035409036,0.4907539118065434,0.637722236536975,0.6216946261017913,0.32967635765222164,0.2042738138355668,0.4953578915843067,0.47097425542655225,0.2727272727272727,0.21314741035856571,0.30385164051355207,0.38181818181818183,0.2134502923976608,0.1179138321995465,0.04871794871794871,0.15340909090909094,0.11212814645308924,0.07162534435261708,0.03464203233256351,2
0.08554572271386432,0.08358336905272182,0.009855453350854138,0.03780313837375179,0.04133908191732183,0.10185434023112065,0.19182900432900435,0.061300992282249195,0.19161853990818895,0.2811382811382811,0.2844179781653197,0.25703399765533413,0.14394702749388227,0.16685572857584818,0.2927073929180459,0.5272745776511297,0.6736089524401618,0.7842077922077921,0.8127498422049234,0.7099743150684933,0.720910623946037,0.7871383294141703,0.7941082971283245,0.47730765290441557,0.17356557377049178,0.2206190109042846,0.6065763210421263,0.8503499382461919,0.8950892857142856,0.767870459145627,0.5107356948228884,0.4983149853965401,0.3739367846266932,0.3390567037625861,0.26858954689577585,0.22913306451612905,0.25672425103870544,0.42206509306436524,0.41661395741092144,0.34825708061002175,0.09669947886508395,0.19694749694749694,0.4787275313591103,0.3957742849780984,0.13434745521751493,0.21187602852441031,0.2524447663889895,0.2312069481880803,0.3104492680464412,0.2787878787878788,0.11055776892430279,0.22824536376604845,0.21038961038961038,0.1023391812865497,0.12698412698412698,0.1564102564102564,0.07670454545454547,0.14416475972540044,0.0771349862258953,0.10854503464203233,2
0.17256637168141595,0.04843549078439778,0.08607095926412614,0.166904422253923,0.29190971341618055,0.38591776404192424,0.3135822510822511,0.2588754134509372,0.3026802902413742,0.34577434577434574,0.3638168155394867,0.39932590855803046,0.45444076579818626,0.4139424564298237,0.5190089276757949,0.6029920618766538,0.7136048077919388,0.7482597402597402,0.7607826635808963,0.7964469178082192,0.8940767284991566,0.9230140067477762,0.9327116668432763,0.984940067616023,0.9770491803278688,0.9999999999999999,0.98907448261372,0.9048991354466859,0.726663961038961,0.5480984340044742,0.43455040871934614,0.37238822736463717,0.16822429906542052,0.07874933757286699,0.02710442876137875,0.13366935483870968,0.2408703258254975,0.17375480919205577,0.13103520978283784,0.23039215686274508,0.16363636363636364,0.27313797313797317,0.32600543126858916,0.18861118268487503,0.09567813477395506,0.1323368074602304,0.2701919594349873,0.33782569631626236,0.23372034326097932,0.23393939393939395,0.1394422310756972,0.027104136947218256,0.1636363636363636,0.4093567251461988,0.01360544217687075,0.33076923076923076,0.12784090909090912,0.551487414187643,0.209366391184573,0.15704387990762125,2
0.10988200589970502,0.26618088298328335,0.23751642575558476,0.1307655729909653,0.04209992391580015,0.2542327331362537,0.3530844155844156,0.1298787210584344,0.21427513697615874,0.09538109538109538,0.21295902452856943,0.3582942555685815,0.2308910321001871,0.07899350314530268,0.1955060688133213,0.3126399348666803,0.3521914827479018,0.22971428571428568,0.33515674310961496,0.305222602739726,0.5368887015177066,0.5124220427359165,0.5198686023100562,0.6879418092408566,0.6262295081967212,0.6428020707126334,0.8423153692614771,0.7967270481679704,0.6512784090909091,0.8498987962075211,0.6728065395095368,0.5577398337452258,0.27732857292869895,0.37636459989401166,0.26368006545975253,0.08014112903225806,0.3245134485020774,0.40074867422273064,0.15074847143158343,0.39498910675381266,0.4941517081644471,0.19023199023199022,0.3225139014612699,0.4125225457356351,0.3220073926642025,0.1571585298957762,0.08620065193770374,0.2824198861934711,0.4159515396264513,0.20727272727272728,0.24302788844621515,0.35663338088445073,0.35844155844155845,0.6315789473684209,0.4104308390022676,0.46410256410256406,0.30397727272727276,0.20823798627002288,0.2121212121212121,0.2448036951501155,2
0.3377581120943953,0.21560222888984143,0.2641261498028909,0.28388017118402287,0.43520162312959665,0.7976350443429185,0.8049242424242425,0.508710033076075,0.556049163334814,0.5213785213785214,0.3873528994754005,0.39170574443141853,0.30473585720454877,0.11735588326286481,0.15558230514595245,0.23081620191329127,0.42741684799502644,0.5806753246753247,0.6574794866400169,0.7826412671232877,0.8228288364249579,0.7764032307535017,0.8544028822719084,0.7304579448826966,0.3977459016393442,0.18449168410617905,0.30580943376405084,0.3606422396047757,0.44074675324675316,0.6038137850218387,0.7593460490463216,0.7778027409570882,0.7588995064580488,0.8116587175410706,0.59578602843408,0.5826612903225806,0.6597419636999782,0.7170635333264013,0.6235504954670041,0.5663398692810457,0.42953097857556455,0.21184371184371187,0.21013836803310487,0.32556042257150214,0.2705430764856412,0.2253154141524959,0.109380659181456,0.06259359089547768,0.22009086320040383,0.21212121212121213,0.10657370517928286,0.26390870185449355,0.2935064935064935,0.15789473684210528,0.0816326530612245,0.12820512820512822,0.1306818181818182,0.18077803203661327,0.0743801652892562,0.04849884526558892,1
0.06194690265486727,0.20488641234462068,0.09329829172141918,0.05682358535425583,0.1483641897032716,0.26202633700618116,0.6304112554112555,0.5137816979051819,0.0,0.252967252967253,0.16546150574223736,0.24267291910902697,0.43068950626169566,0.11003403114365268,0.2144648410071221,0.2336657846529615,0.2321003004869962,0.2504935064935065,0.1897748790237745,0.0,0.0979131534569983,0.09814947346897046,0.11709229628059764,0.1581805142915685,0.22909836065573766,0.18162793259169513,0.058304443744090766,0.5220255249073692,0.7081980519480519,0.6048790881005646,0.46583106267029983,0.6303077960008987,0.7068150792817389,0.6382617912029676,0.5627493096041731,0.7503024193548387,0.9141701290181501,0.9222210668607675,0.9843980602993886,1.0,0.9999999999999999,0.9590964590964592,0.7241691452217769,0.3656274156145323,0.6265282911572363,0.7552111903455843,0.7843172763491488,0.8700209643605871,1.0,0.9442424242424242,0.39442231075697215,0.23537803138373747,0.37402597402597404,0.30701754385964913,0.4444444444444445,0.34615384615384615,0.07386363636363637,0.35926773455377575,0.2892561983471075,0.29561200923787534,1
0.3237463126843658,0.19974282040291472,0.2240473061760841,0.22895863052781742,0.3373066193253867,0.3738242407954851,0.3933982683982684,0.15788313120176406,0.16229823782022806,0.22336622336622336,0.35587693180207003,0.4523739742086753,0.5510292212465814,0.4148705785294421,0.5335540174541077,0.5341949928760432,0.6756812765516528,0.7968831168831167,0.9152114454029036,0.9110659246575343,1.0,0.9971373070238216,0.9038889477588216,0.7867021821534679,0.6623975409836065,0.48496530454895903,0.3247189830864587,0.22643062988884313,0.3061079545454545,0.3368488334931288,0.28948228882833793,0.1470456077286003,0.25832195736637614,0.5322734499205087,0.5833077631175208,0.5400201612903226,0.45539033457249073,0.3115316626806697,0.29981024667931694,0.2245098039215686,0.15217139548349737,0.3147741147741149,0.3853614379930169,0.26243236279309456,0.1642024452658516,0.12602852441031268,0.15972473741398044,0.06828391734052112,0.1918223119636547,0.17212121212121212,0.1364541832669323,0.15977175463623394,0.0961038961038961,0.6666666666666666,0.27891156462585037,0.20512820512820512,0.6107954545454546,0.7276887871853546,0.42148760330578516,0.10854503464203233,2
0.21238938053097348,0.14873553364766395,0.15604467805519054,0.1307655729909653,0.02536139994927719,0.3364686912120398,0.3874458874458874,0.23550165380374863,0.27691396416407527,0.32046332046332043,0.3699135119807174,0.37749120750293086,0.20066215632647186,0.0,0.06439963888052963,0.1304701811520456,0.17832348979380375,0.23584415584415583,0.24552913949084787,0.38923373287671237,0.5452150084317031,0.6922605050608323,0.7081699692698951,0.7563774203462761,0.9223360655737705,0.9999999999999999,0.9977938859123859,0.8247221078633182,0.6988636363636364,0.6954298497922659,0.6987465940054497,0.5119074365311166,0.22125380657355875,0.08023317435082142,0.05656131737751867,0.02862903225806452,0.13350098403673738,0.14973484454611624,0.10309930423782417,0.07973856209150328,0.015286624203821646,0.16007326007326006,0.20069830596146387,0.1994331357897449,0.1875177708274097,0.1350795392210642,0.2278160086925027,0.28571428571428575,0.24684502776375566,0.2921212121212121,0.04183266932270916,0.11126961483594863,0.10649350649350649,0.3391812865497076,0.06802721088435375,0.07948717948717948,0.08806818181818182,0.17391304347826086,0.09641873278236913,0.09699769053117782,2
0.1084070796460177,0.015002143163309046,0.0735873850197109,0.09106038991916311,0.14278468171443062,0.22010212308519217,0.36120129870129875,0.22557883131201767,0.21871760698948617,0.2382382382382382,0.26584432156529136,0.3417350527549824,0.418166114869728,0.36671135402701865,0.43755642491724345,0.526460411154081,0.5851207128794944,0.6600519480519479,0.7169156322322744,0.795804794520548,0.888385328836425,0.9660566404253144,0.9999999999999999,0.9890380084007787,0.9360655737704917,0.888864412380218,0.914276709738418,0.9102511321531493,0.7779017857142856,0.5757963140513477,0.3578201634877385,0.3253201527746574,0.18933109314291713,0.0,0.09143909174593433,0.1721774193548387,0.22108025366280343,0.2557970260996153,0.19713261648745523,0.2830065359477124,0.3477707006369427,0.30402930402930406,0.24143282038018882,0.2782787941252255,0.1816889394370202,0.10532089961601755,0.19377037305324157,0.28331835879005696,0.3210499747602221,0.27515151515151515,0.12749003984063745,0.23537803138373747,0.33766233766233766,0.30409356725146197,0.12698412698412698,0.3923076923076923,0.2414772727272728,0.07551487414187644,0.14325068870523416,0.05542725173210161,2
0.5206489675516225,0.6720960137162453,0.36038107752956633,0.24417498811222066,0.15191478569617042,0.45632894383230316,0.29085497835497837,0.6039691289966923,0.1973937509255146,0.09752609752609752,0.31830426768750886,0.5398593200468933,0.4593349647329783,0.13787769413220582,0.1863777710903802,0.32017097496438024,0.20029012537560875,0.18722077922077923,0.14296233957500526,0.48276969178082196,0.5090640809443507,0.6215110929352827,0.8343753311433717,0.667657002356316,0.572233606557377,0.574953188677167,0.874881815316735,0.8327501029230137,0.3779423701298701,0.47278150633855326,0.542016348773842,0.43102673556504156,0.11099443452693479,0.5021727609962904,0.6914186355732843,0.7085685483870967,0.5790509512355129,0.4665696163044609,0.5422728231077377,0.4701525054466231,0.5662999420961204,0.7349206349206351,0.6790378895642054,0.17508374130378768,0.606767131077623,0.6091607240811849,0.3971387178558493,0.2695417789757413,0.6057546693589096,0.7612121212121211,0.23306772908366535,0.4293865905848787,0.3168831168831169,0.2105263157894737,0.6235827664399094,0.28974358974358977,0.2528409090909091,0.3295194508009153,0.4297520661157024,0.2840646651270208,2
0.14306784660766964,0.10930132876125162,0.03449408672798949,0.16880646695197338,0.25285315749429366,0.4240795485084655,0.8070887445887446,0.750826901874311,0.47963867910558267,0.5737165737165736,0.5180774138664398,0.16090269636576787,0.6388369080178495,1.0,0.9134316380780417,0.8273967026256871,0.6885296860428972,0.774025974025974,0.8726067746686305,0.839576198630137,0.8861720067453625,0.9461200286269298,0.9999999999999999,0.8949902673906363,0.7752049180327868,0.8150677387377463,0.6325244248345415,0.4388637299300124,0.4655032467532467,0.2959411952700543,0.24686648501362402,0.06447989215906537,0.0,0.1262321144674086,0.1647744706965327,0.20846774193548387,0.10059042204242291,0.15898928979931376,0.31836390470166565,0.36241830065359476,0.2326577880718008,0.13907203907203908,0.34462692357429203,0.33329038907498065,0.19803810065396646,0.14851892484914975,0.25045273451647954,0.39562743336328243,0.5396264512872286,0.3939393939393939,0.31474103585657376,0.06990014265335234,0.4,0.2192982456140351,0.8299319727891157,0.24871794871794875,0.3522727272727273,0.6521739130434783,0.3526170798898072,0.03926096997690531,2
0.13864306784660768,0.04929275610801544,0.11990801576872535,0.016642891107941038,0.11919857976160281,0.20747110991668907,0.2673160173160173,0.17574421168687981,0.15711535613801275,0.23366223366223363,0.27066496526300865,0.36415592028135996,0.27652223981574786,0.14994328142724553,0.2015247266526231,0.16527579890087524,0.10040410320174077,0.19584415584415585,0.19608668209551866,0.2623073630136986,0.3577150084317032,0.3488395869542992,0.44993112217865844,0.6446060854420654,0.7758196721311474,0.8232184161251238,0.9138564975312533,0.9762247838616716,0.8921469155844155,0.6827527431554278,0.6559128065395097,0.5240395416760278,0.35976057964927016,0.2964493905670376,0.137260918482152,0.09122983870967744,0.20216488082221737,0.19340750753873348,0.24931477967531102,0.221677559912854,0.2406485234510712,0.37826617826617837,0.27311522048364156,0.12767328008245296,0.08444697185100938,0.2660449808008777,0.3507787033683448,0.32404911650194673,0.16961130742049468,0.21454545454545454,0.20816733067729082,0.17974322396576317,0.23116883116883116,0.10818713450292397,0.08843537414965986,0.09743589743589742,0.07102272727272728,0.07551487414187644,0.03305785123966942,0.023094688221709007,2
0.21755162241887907,0.09215602228889842,0.13731931668856767,0.031621493105087974,0.22749175754501644,0.4635850577801667,0.2903138528138528,0.3631753031973539,0.4041166888790167,0.6176176176176176,0.6994186870835106,0.7876611957796015,0.7478048078307185,0.38929565845106734,0.22208847427023773,0.16507225727661307,0.20184436845922704,0.24363636363636362,0.4960025247212288,0.6680222602739726,0.8104974704890389,0.8752683774665168,0.7456818904312811,0.7557627292285628,0.7081967213114753,0.7012886881815177,0.861960289946423,0.9494648003293537,0.8323863636363635,0.5451155853840417,0.42299727520435976,0.43641878229611325,0.3951485876299485,0.31202967673555904,0.10882683849851693,0.14082661290322582,0.18707631751585393,0.20973276489549758,0.5062196921779465,0.5502178649237474,0.13097857556456283,0.2870573870573871,0.4416138626664943,0.5789744911105386,0.6573784475405174,0.27441031267142074,0.14034770010865627,0.36897274633123694,0.3952549217566885,0.10787878787878788,0.24800796812749,0.2796005706134094,0.14025974025974025,0.12573099415204678,0.16553287981859416,0.08461538461538462,0.0340909090909091,0.12128146453089245,0.18181818181818182,0.11085450346420324,2
0.21828908554572274,0.2078868409772825,0.2224047306176084,0.1837850689491203,0.003043367993913266,0.0263370061811341,0.2564935064935065,0.21190738699007716,0.28876055086628166,0.09352209352209352,0.20955621721253367,0.3398300117233295,0.37829278825392254,0.2525523357739507,0.3205938409068111,0.33594545084469773,0.5228473733291887,0.7829610389610389,0.9015358720807911,0.860980308219178,0.7546374367622259,0.27993047745629285,0.3798876761682738,0.5946112078680463,0.30102459016393446,0.2820795241766714,0.5963861750183844,0.7991972004940304,0.6234780844155844,0.46724193032917866,0.5828882833787467,0.7027634239496741,0.3829675522419405,0.11107578166401696,0.23156387439909995,0.46330645161290324,0.5500765361906845,0.2877196630965998,0.18637992831541222,0.18856209150326794,0.15275043427909668,0.2774114774114775,0.13125565757144705,0.091857768616336,0.08743247085584305,0.10682940208447614,0.13781238681637087,0.2530697813716682,0.2988389702170621,0.08242424242424241,0.08864541832669323,0.11269614835948644,0.07012987012987013,0.3508771929824562,0.41269841269841273,0.24871794871794875,0.6420454545454546,0.4096109839816934,0.12396694214876033,0.07390300230946882,1
0.0803834808259587,0.18302614659237035,0.19349540078843627,0.09296243461721353,0.13441541973116913,0.0679924751410911,0.13474025974025977,0.06350606394707828,0.14467644010069597,0.28700128700128696,0.19154969516517792,0.24399179366940213,0.4090974521376134,0.1800556873259771,0.05627445079747216,0.22674536942804804,0.3427624080406176,0.35677922077922075,0.5717441615821587,0.6039169520547946,0.5574409780775715,0.44525099683058994,0.41178340574335065,0.3536522897244135,0.6358606557377048,0.8832470536402687,0.8926357810694402,0.4833264717990943,0.32355925324675316,0.18504314477468836,0.11673024523160763,0.3664345090990788,0.4056494802058175,0.3041865394806571,0.28648869796461085,0.4061491935483871,0.5630876886070414,0.3895185608817719,0.540586126923888,0.5338779956427016,0.3210191082802547,0.3352869352869354,0.30402172507435665,0.296057717083226,0.1642024452658516,0.09928688974218323,0.11245925389351684,0.09523809523809525,0.2271580010095911,0.20242424242424242,0.07768924302788845,0.10699001426533522,0.13506493506493505,0.47953216374269,0.41269841269841273,0.12820512820512822,0.3153409090909091,0.44164759725400454,0.40220385674931125,0.12933025404157042,1
0.18731563421828912,0.16159451350192888,0.1609724047306176,0.15430337612933906,0.31600304336799384,0.5377586670249932,0.6033549783549784,0.5444321940463065,0.5212498148970827,0.8296868296868296,0.9054303133418404,0.7976260257913247,0.7184396142219663,0.31566463854800453,0.19771291002106528,0.2741705678811317,0.26815874002694023,0.3167792207792207,0.5738480959394068,0.7352311643835617,0.8902824620573355,0.8105510683979142,0.6936526438486806,0.7313799815592665,0.713217213114754,0.8076880713734992,0.8862275449101797,0.9814738575545492,0.8152394480519479,0.4511558538404176,0.296566757493188,0.26634464165356103,0.20004200357030344,0.28606253312135665,0.14851181343970546,0.3100806451612903,0.16597419636999783,0.3127794530518873,0.5926628716002531,0.43649237472766883,0.09507817023740589,0.438949938949939,0.601965601965602,0.6154341664519454,0.5,0.12616566099835436,0.22220210068815646,0.5345911949685535,0.5477031802120141,0.36363636363636365,0.3446215139442231,0.22681883024251068,0.503896103896104,0.39473684210526316,0.17006802721088438,0.10512820512820512,0.11363636363636365,0.054919908466819226,0.14876033057851237,0.11778290993071594,2
0.13274336283185842,0.08872696099442777,0.014126149802890932,0.031383737517831675,0.06391072787217852,0.12604138672399892,0.26271645021645024,0.13517089305402424,0.09121871760698948,0.01844701844701845,0.06224301715582022,0.05905627198124267,0.4056427234777602,0.3692894709704032,0.47507272544889156,0.45186240586199883,0.2928193969536836,0.39324675324675323,0.6242373237954977,1.0,0.855712478920742,0.5104795010735098,0.27476952421320333,0.5852883925827271,0.767622950819672,0.5640489040643242,0.4090765836747558,0.535508439687114,0.46428571428571425,0.5989133908596996,0.36719346049046325,0.13322848798022918,0.35850047254016587,0.5386327503974563,0.33558351232484407,0.44354838709677413,0.40345506232232675,0.48331080378496416,0.6434745941387308,0.5856209150326798,0.3691951360741169,0.24078144078144081,0.24337255916203285,0.10886369492398867,0.18694910435029855,0.21804717498628637,0.10177471930459978,0.18478586403114705,0.17314487632508832,0.44848484848484854,0.2599601593625498,0.21255349500713264,0.17922077922077922,0.763157894736842,0.4467120181405896,0.21794871794871798,0.26136363636363635,0.21052631578947367,0.055096418732782364,0.10854503464203233,1
0.07374631268436578,0.0617231033004715,0.03975032851511169,0.00427960057061341,0.03652041592695916,0.2569201827465735,0.26785714285714285,0.08489525909592063,0.12675847771360876,0.0888030888030888,0.06394442081383811,0.05656506447831184,0.12537786094717143,0.0938434567391977,0.16952552914033503,0.24648890698147774,0.298725520671433,0.35761038961038955,0.3943824952661477,0.3811001712328767,0.4149451939291737,0.394233718433698,0.29066440606124827,0.3865382645220777,0.43299180327868847,0.473290009912986,0.7428301292152538,0.9488472622478387,0.9999999999999999,0.9024182379887078,0.8502452316076295,0.8050999775331386,0.712485561272708,0.629570747217806,0.5581466707579013,0.5722782258064516,0.5437349661054013,0.341998544244567,0.13683322791482183,0.08159041394335512,0.03312101910828025,0.22405372405372406,0.34695461011250484,0.3719402215923731,0.33281205572931477,0.22874382885353814,0.18381021369069178,0.35789158430667867,0.3553760726905604,0.20242424242424242,0.10657370517928286,0.11840228245363765,0.02857142857142857,0.21637426900584794,0.13151927437641725,0.056410256410256404,0.07386363636363637,0.07780320366132723,0.19008264462809915,0.08083140877598154,1
0.23598820058997055,0.10801543077582512,0.12582128777923784,0.1217308606752259,0.11716966776566065,0.2657887664606289,0.45346320346320346,0.35920617420066153,0.2650673774618688,0.3642213642213642,0.41103076704948244,0.48607854630715125,0.4220526846120628,0.17448695472826647,0.17544387601564854,0.26786077752900467,0.2612164542534452,0.37340259740259735,0.5370292446875657,0.6720890410958904,0.7859401349072512,0.7394949391677742,0.8095793154604217,0.9242905440016393,0.878073770491803,0.8693688732239232,0.9265679167979831,0.9953684643886374,0.8555194805194805,0.5812293597528497,0.37623978201634883,0.23140867220849248,0.12265042528614932,0.0983571807101219,0.07497187276260613,0.0,0.038377432757489616,0.057502339606946035,0.05513388150959307,0.11002178649237472,0.0594093804284887,0.1177045177045177,0.2539764645027803,0.29064674053079104,0.25789024736991756,0.2759188151398793,0.305686345526983,0.31057202755315966,0.25290257445734476,0.16484848484848483,0.12948207171314743,0.15977175463623394,0.0883116883116883,0.12573099415204678,0.12698412698412698,0.10769230769230768,0.11931818181818181,0.04347826086956522,0.011019283746556474,0.05773672055427251,2
0.08185840707964602,0.21988855550792974,0.19908015768725362,0.10936757013789825,0.25488206949023584,0.6678312281644718,0.614448051948052,0.44366041896361635,0.4947430771508959,0.5964535964535964,0.3865021976463916,0.14229191090269636,0.44839499064344324,0.5603794988140662,0.6952552914033503,0.9758803175249339,1.0,0.9265454545454544,0.6013044393014939,0.4205907534246575,0.47312394603709945,0.492076474798078,0.6907915651160326,0.8381313390021516,0.8062499999999999,0.7455666923670007,0.8009244668557622,0.6092013174145738,0.22443181818181818,0.2111430702034729,0.6340054495912807,0.7142215232532015,0.2547516538905807,0.44313725490196076,0.8495448501585354,0.7157258064516129,0.4865514979225892,0.5690963918061767,0.48724436010963534,0.2994553376906318,0.027909669947886503,0.13565323565323567,0.3539376697271434,0.362277763463025,0.29542223485925506,0.09051014810751509,0.08891705903658094,0.10332434860736749,0.08682483594144372,0.3478787878787879,0.026892430278884463,0.2853067047075606,0.11168831168831167,0.5526315789473684,0.272108843537415,0.046153846153846156,0.0965909090909091,0.07093821510297482,0.3112947658402204,0.16397228637413394,1
0.15707964601769914,0.042863266180882986,0.03777923784494087,0.18640038040893964,0.2662946994674105,0.3773179252889009,0.4715909090909091,0.2077177508269019,0.2003553976010662,0.30230230230230226,0.3306394442081384,0.4210140679953107,0.38505829854613505,0.31380839434876767,0.37355802989266723,0.4413800122124975,0.457569163817221,0.6108051948051947,0.7163896486429625,0.8610873287671232,0.9313870151770656,0.9605357325426849,0.9073858217653914,0.9429361745722775,0.9999999999999999,0.939971362484855,0.8755121336274819,0.7447509263071223,0.7025162337662336,0.5723873441994248,0.36784741144414174,0.2365760503257695,0.17694003990339174,0.08012718600953896,0.11250894957553442,0.12741935483870967,0.20763175158539254,0.2974940210044713,0.37613324899852413,0.40185185185185185,0.3356108859293573,0.43931623931623937,0.3857493857493858,0.22919350682813708,0.21822576059141313,0.16442676906198575,0.17366896052155015,0.22911051212938008,0.3276123170116103,0.3793939393939394,0.18426294820717132,0.12838801711840225,0.44935064935064933,0.19590643274853803,0.1541950113378685,0.23333333333333334,0.14772727272727276,0.09610983981693363,0.17079889807162535,0.07621247113163972,2
0.19985250737463128,0.19159879982854697,0.08607095926412614,0.02757964812173086,0.0803956378392087,0.23864552539639886,0.31601731601731603,0.39206174200661525,0.30060713756848806,0.41841841841841837,0.38267403941585143,0.5882180539273153,0.8865697423348209,0.817263071052903,0.9999999999999999,1.0,0.9490208268573206,0.8987012987012986,0.7090258783925942,0.47795376712328763,0.16462900505902192,0.3850322052959821,0.5644802373635688,0.2697469521565414,0.18473360655737706,0.5354113889194845,0.5156003781909866,0.3567311650885138,0.33147321428571425,0.4744859912645148,0.5556403269754768,0.49135025836890583,0.29633518849102175,0.21049284578696342,0.12110054208857524,0.27983870967741936,0.377870107150667,0.3925340542788812,0.3882563778199452,0.34629629629629627,0.27180081065431383,0.31672771672771677,0.09349540928488298,0.15949497552177272,0.16946261017912995,0.1493417443773999,0.11282144150670047,0.14794848757112908,0.1332660272589601,0.09818181818181818,0.10358565737051792,0.0527817403708987,0.023376623376623374,0.08187134502923976,0.015873015873015876,0.21794871794871798,0.15340909090909094,0.054919908466819226,0.13774104683195593,0.12933025404157042,1
0.05825958702064897,0.25932276039434204,0.36826544021024965,0.27223014740846413,0.08521430382957138,0.30233808116097827,0.6661255411255412,0.9947078280044102,0.964312157559603,0.7101387101387101,0.43399971643272367,0.08763188745603753,0.40593061753274795,0.37991131277714757,0.37496238338850435,0.3730917972725422,0.09304735260594758,0.10264935064935066,0.22974963181148744,0.9130993150684931,0.9767074198988195,0.3084551681832124,0.14633887888100028,0.16750332957688766,0.06608606557377047,0.2777838969049454,0.259691144027734,0.5788390284067517,0.44845779220779214,0.7159901992116758,0.1620708446866485,0.26802965625702085,0.6022261892260842,0.8976152623211446,0.8589546895775801,0.9375,0.8720752241417014,0.9459290839139025,0.6694075479654228,0.470479302832244,0.5562246670526926,0.45824175824175833,0.20134488555541188,0.18667869105900542,0.37844754051748647,0.24766867800329131,0.30767837739949294,0.7663971248876911,0.5699141847551742,0.24363636363636362,0.47808764940239046,0.3223965763195435,0.4415584415584416,0.9999999999999999,0.344671201814059,0.8256410256410256,0.5625000000000001,0.37757437070938216,0.6721763085399449,0.34180138568129326,2
0.2050147492625369,0.15945135019288473,0.0795006570302234,0.0009510223490252021,0.015977681968044638,0.13705993012631013,0.23322510822510822,0.23197353914002208,0.13297793573226713,0.09123409123409122,0.033886289522189146,0.14258499413833528,0.2272923564128401,0.18211818088068474,0.27043835891262913,0.21972318339100347,0.24111491037198218,0.2658701298701298,0.29465600673258996,0.45526541095890405,0.5153878583473861,0.6173192925058788,0.6636643000953691,0.7466448109824814,0.8467213114754097,0.8830267650622314,0.992436180271037,0.9108686702346644,0.7037337662337662,0.6077554064131245,0.6151498637602181,0.47562345540328016,0.2436207077601596,0.15993640699523054,0.1474890048072006,0.2501008064516129,0.26066039798819163,0.2938546324217532,0.2480497575374236,0.1920479302832244,0.13804284887087434,0.30109890109890114,0.27427906375274796,0.23202782787941253,0.2094114301961899,0.09339001645639057,0.19757334299166968,0.2752321054207847,0.20040383644623927,0.11272727272727272,0.07569721115537849,0.08131241084165478,0.17402597402597403,0.2865497076023392,0.10204081632653063,0.2512820512820513,0.10795454545454547,0.11899313501144163,0.1349862258953168,0.18706697459584293,1
0.2050147492625369,0.2734676382340334,0.12319316688567675,0.02734189253447456,0.10372812579254373,0.1918839021768342,0.2597402597402597,0.05733186328555678,0.0978824226269806,0.1068211068211068,0.01772295477101942,0.03458382180539273,0.09370951489851737,0.06857791069402908,0.14394623332330225,0.06584571544880928,0.08600145062687806,0.18742857142857144,0.29791710498632445,0.2784674657534246,0.16852866779089376,0.21296390962069317,0.29649252940553145,0.4118430488679439,0.44764344262295075,0.1855931269963652,0.041285849353923744,0.26533552902428986,0.5541801948051948,0.8235858101629914,0.8298637602179837,0.7690406650190967,0.795022576919038,0.9775304716481187,1.0,0.8951612903225805,0.5647277498359939,0.2759696371009671,0.20735821210204514,0.2467320261437908,0.3425593514765489,0.45970695970695974,0.20367257209362472,0.2870394228291677,0.22490759169746943,0.19651673066374112,0.29590727997102495,0.3393231506439054,0.2862190812720848,0.1612121212121212,0.16932270916334663,0.03851640513552068,0.12207792207792206,0.2134502923976608,0.163265306122449,0.18205128205128207,0.2897727272727273,0.35926773455377575,0.2589531680440771,0.011547344110854507,1
0.5715339233038349,0.3004714959279897,0.1107095926412615,0.3808844507845935,0.320314481359371,0.03332437516796559,0.1996753246753247,0.5783902976846748,0.8276321634828965,0.9289289289289289,0.6682262866865164,0.34393317702227433,0.2110263423060314,0.4201299370939465,0.4497943625238238,0.4495216771829839,0.31261009221842295,0.3766233766233766,0.5082053439932674,0.8940496575342465,0.9935708263069141,0.35476945097638285,0.04757867966514782,0.0009220366765700198,0.21290983606557376,0.33704152439696,0.18678432608467277,0.510806916426513,0.685267857142857,0.8206029615425589,0.4189645776566758,0.3748595821163783,0.5543421190801218,0.8299947005829359,0.7916538815587605,0.7151209677419356,0.7331073693417888,0.807424352708745,0.7621758380771664,0.6445533769063182,0.4856977417486972,0.5705738705738707,0.5790766843398422,0.479515588765782,0.6671879442706852,0.5264673614920461,0.13908004346251357,0.4393530997304583,0.392226148409894,0.5684848484848485,0.19223107569721118,0.4136947218259629,0.9999999999999999,0.8304093567251462,0.38321995464852615,0.6282051282051282,0.3920454545454546,0.16018306636155605,0.06611570247933884,0.21939953810623555,2
0.5103244837758113,0.5340762966138021,0.47043363994743753,0.37708036138849266,0.41237636317524723,0.19940876108572964,0.18452380952380953,0.19669239250275636,0.22330815933659115,0.16216216216216214,0.29079824188288667,0.22391559202813602,0.3022887577371527,0.29308033412395584,0.4708596649613802,0.5476287400773459,0.5219148274790177,0.3502337662337662,0.4301493793393646,0.567744006849315,0.7327150084317031,0.7591248338615683,0.545512345024902,0.6165351910664891,0.6613729508196721,0.6839960348055952,0.7444059249921211,0.8020790448744339,0.8454748376623376,0.9242569511025887,0.9843051771117167,0.8527297236576049,0.4079596765725086,0.4065712771595124,0.4836862023115476,0.16451612903225807,0.360922807784824,0.35146095455963405,0.2603837233818259,0.03376906318082788,0.5756803705848292,0.8420024420024421,0.5545066597698177,0.39461479000257665,0.8295422234859255,0.7805814591332969,0.4762767113364723,0.3581910751722073,0.4962140333165068,0.45333333333333337,0.2898406374501992,0.21112696148359483,0.49870129870129865,0.3654970760233918,0.2743764172335601,0.3435897435897436,0.3693181818181818,0.2929061784897025,0.42148760330578516,0.4896073903002309,2
0.0575221238938053,0.07672524646378054,0.013469119579500657,0.001426533523537804,0.048947501902105,0.09567320612738511,0.11823593073593075,0.0004410143329658233,0.05182881682215312,0.07536107536107535,0.08492839926272511,0.19973622508792496,0.1953361163091982,0.25729607094977824,0.2151670177550406,0.2683696315896601,0.325562117915242,0.25444155844155836,0.20881548495686936,0.25139126712328763,0.39924114671163574,0.45649729066557615,0.4193069831514252,0.49042106341563374,0.6123975409836065,0.6223152329551712,0.6461813215673916,0.7242692466035405,0.8512581168831168,1.0,0.8682288828337875,0.6683891260390923,0.6123070460989184,0.6358240593534711,0.6907026695305309,0.5834677419354839,0.49617319046577746,0.34314235208484983,0.1762597512123129,0.14727668845315903,0.21540243196294154,0.1700854700854701,0.19268071899650846,0.15601649059520742,0.16263861245379585,0.10847504114097642,0.06609923940601231,0.04552261156034741,0.04290762241292277,0.14545454545454545,0.021912350597609563,0.08701854493580599,0.15324675324675324,0.347953216374269,0.24489795918367352,0.12820512820512822,0.24431818181818185,0.10755148741418763,0.15702479338842973,0.04387990762124711,1
0.14306784660766964,0.07929704243463352,0.13009198423127463,0.06252971944840705,0.1600304336799391,0.39693630744423547,0.38014069264069267,0.29702315325248074,0.4402487783207464,0.5435435435435435,0.4558343967106196,0.5030773739742087,0.5410968763495034,0.3132927709600907,0.331026181161601,0.28902910645226954,0.20464200600973992,0.10451948051948051,0.3109614980012623,0.4036815068493151,0.4614249578414839,0.35354258255802073,0.404365794214263,0.47382440323737324,0.6113729508196721,0.697764070932922,0.6453408971530624,0.7621449156031289,0.7951501623376622,0.8484073718973049,0.9581471389645778,0.7419680970568411,0.4593090412685078,0.33884472708002117,0.12099826122532475,0.10756048387096773,0.11830308331511044,0.14942289695331185,0.34092346616065783,0.5895424836601307,0.6517660683265779,0.6130647130647132,0.7127893443682918,0.6476423602164391,1.0,0.809654415798135,0.7368706990220933,0.8268942797244685,0.7995961635537608,0.6181818181818182,0.053784860557768925,0.0998573466476462,0.509090909090909,0.27485380116959063,0.07482993197278912,0.06923076923076922,0.16761363636363638,0.19221967963386724,0.19008264462809915,0.08314087759815242,2
0.24852507374631275,0.04714959279897128,0.057818659658344276,0.09771754636233952,0.16992137966015722,0.29105079279763507,0.44642857142857145,0.3276736493936053,0.20598252628461428,0.40025740025740025,0.28909683822486887,0.293229777256741,0.32906290485101486,0.13272146024543674,0.3470759353997392,0.32017097496438024,0.20205160087037616,0.1899220779220779,0.210288239006943,0.3715753424657534,0.27887858347386174,0.610571516204887,0.5606654657200381,0.32332752791722164,0.23780737704918029,0.515254984029078,0.8051265889274084,0.6851585014409223,0.6940949675324675,0.8572493874507298,0.5937874659400545,0.3662098404852842,0.6587209912842591,0.899311075781664,0.7787664927891992,0.7532258064516129,0.5945768642029302,0.4502443589476968,0.09287370862323426,0.6503267973856209,0.8062536189924725,0.722954822954823,0.4436829173671279,0.23228549342952845,0.3380722206425931,0.4695556774547449,0.41705903658094895,0.20634920634920637,0.10903584048460374,0.5684848484848485,0.4243027888446215,0.4821683309557774,0.3974025974025974,0.4210526315789474,0.23356009070294786,0.11282051282051281,0.26136363636363635,0.027459954233409613,0.19834710743801653,0.14087759815242495,1
0.3797935103244838,0.3767681097299614,0.6511169513797634,0.6053257251545412,0.8009130103981739,0.5764579414135985,0.15800865800865802,0.49217199558985675,0.1295720420553828,0.08966108966108967,0.1872961860201333,0.29161781946072685,0.3626025622570894,0.3188615035578014,0.4248169324907212,0.4052513739059638,0.5497875867785722,0.6801038961038961,0.847149168945929,0.9180222602739726,0.9126264755480606,1.0,0.9504079686340997,0.9078987808626167,0.8296106557377049,0.6754047802621433,0.6358861224918585,0.4321737340469329,0.23498376623376624,0.14988814317673377,0.1050681198910082,0.06627724106942261,0.10847422030872624,0.23105458399576048,0.43070471514779585,0.49828629032258065,0.447190028427728,0.4354788395549548,0.37486822686063676,0.30315904139433547,0.3529820497973364,0.6024420024420025,0.46967541704383814,0.17869105900541096,0.25589991470002843,0.1781404278661547,0.09471206084751901,0.24468403713686734,0.23674911660777384,0.13818181818181818,0.29780876494023906,0.33666191155492153,0.503896103896104,0.7222222222222222,0.17233560090702954,0.3769230769230769,0.47727272727272735,0.32723112128146453,0.3663911845730028,0.11547344110854504,2
0.3694690265486726,0.4020574367766824,0.19940867279894875,0.0848787446504993,0.23535379152929237,0.6259070142434829,0.47186147186147187,0.43285556780595374,0.37553679845994375,0.16888316888316884,0.33418403516234224,0.3725087924970692,0.6114869727940119,0.35052077962256367,0.20102317183268129,0.26480765316507227,0.30079784478292404,0.1206233766233766,0.24090048390490215,0.305222602739726,0.4927276559865093,0.6985993252223699,0.6972554837342375,0.6735990164942117,0.49795081967213106,0.4832029959246613,0.5935497426200231,0.8340881020996295,0.9016842532467532,0.8516032811334825,0.9998910081743871,0.9844978656481689,0.6988344009240784,0.7086380498145204,0.7248644778561931,0.4086693548387097,0.13437568335884542,0.14931891442237705,0.10647269660552393,0.30969498910675386,0.7614360162130863,1.0,0.6919694814431657,0.5672507085802628,0.916690361103213,0.8521667580910587,0.5461789206809127,0.41299790356394134,0.18374558303886926,0.43030303030303024,0.45418326693227096,0.6048502139800285,0.6987012987012987,0.4152046783625731,0.2585034013605442,0.3205128205128205,0.04829545454545456,0.2425629290617849,0.20110192837465565,0.16628175519630484,2
0.04719764011799411,0.034290612944706395,0.013140604467805517,0.04564907275320971,0.07025107785949783,0.11932276269819943,0.13392857142857145,0.19911797133406836,0.13830889974826005,0.16116116116116114,0.11456117963986959,0.14346424384525205,0.24327047646466102,0.32071774775703826,0.3205938409068111,0.2606350498676979,0.3723966428349394,0.6292987012987012,0.7129181569535031,0.8579837328767123,0.9656408094435076,0.9843574276658829,0.9448977429267774,0.7987911074684971,0.6755122950819672,0.4642581782134595,0.2740834121231222,0.056401811445039106,0.39316152597402587,0.18440396292745287,0.15509536784741146,0.09334980903167826,0.13021106794077492,0.22670906200317967,0.2317684361256009,0.35977822580645163,0.33140170566367816,0.12540293230737237,0.06514864010120178,0.10588235294117647,0.07909669947886508,0.09560439560439561,0.17987844303633777,0.10551404277248132,0.09638896787034404,0.09092155787164016,0.2176747555233611,0.20724767894579216,0.0767289247854619,0.3224242424242424,0.17330677290836652,0.2396576319543509,0.3168831168831169,0.22807017543859648,0.2086167800453515,0.038461538461538464,0.15909090909090912,0.12585812356979403,0.15977961432506887,0.06004618937644342,1
0.22123893805309738,0.10544363480497214,0.04993429697766097,0.10009510223490253,0.21176768957646458,0.25665143778554156,0.26812770562770566,0.25446527012127895,0.1726640011846587,0.20306020306020303,0.26074011059123775,0.3370457209847597,0.36015546278969346,0.26090543467051663,0.18607683819841508,0.1346427844494199,0.18764894829551343,0.21215584415584413,0.2624658110666947,0.2873501712328767,0.34506745362563235,0.3820672732849402,0.49475468899014513,0.683741419936482,0.7815573770491803,0.8168300473620442,0.9158525055152854,1.0,0.8975243506493505,0.6224565888995419,0.5978201634877385,0.44383284655133676,0.2646224929118975,0.2206677265500795,0.16804745832054824,0.08487903225806451,0.1616006997594577,0.14141624207133202,0.21937592241197557,0.24945533769063177,0.2499131441806601,0.381929181929182,0.21789732316048108,0.08696212316413296,0.16860961046346318,0.2513713658804169,0.3400941687794277,0.333632824198862,0.15648662291771834,0.17333333333333334,0.13745019920318724,0.1426533523537803,0.14805194805194805,0.09941520467836257,0.14965986394557823,0.007692307692307693,0.14488636363636367,0.07322654462242562,0.0,0.11316397228637412,2
0.05309734513274336,0.017145306472353194,0.021681997371879105,0.04089396100808369,0.13162566573674864,0.15587207739854878,0.2597402597402597,0.14597574421168688,0.07418924922256774,0.1008151008151008,0.14547001276052746,0.23827667057444316,0.3749820066215632,0.23780550685779106,0.22158691945029588,0.24486057398738043,0.267744275204642,0.27179220779220775,0.3608247422680413,0.43182791095890416,0.5431070826306914,0.6384827727226254,0.658154074388047,0.751767236963426,0.8827868852459015,0.9360061680801849,1.0,0.852202552490737,0.674310064935065,0.5298817513582614,0.3994550408719347,0.2855538081330038,0.16255381707445132,0.05045045045045045,0.09696225836146058,0.209375,0.20391427946643342,0.24883019652698352,0.2043010752688172,0.14455337690631806,0.13352634626519974,0.20622710622710622,0.22707875339454286,0.18345787168255603,0.12908729030423657,0.018924849149753155,0.08493299529156102,0.14375561545372867,0.08026249369005553,0.05454545454545454,0.014940239043824702,0.06276747503566332,0.08571428571428572,0.2017543859649123,0.24489795918367352,0.11794871794871796,0.07670454545454547,0.13958810068649885,0.15702479338842973,0.05542725173210161,1
0.10103244837758113,0.04114873553364767,0.03219448094612352,0.048739895387541615,0.0076084199847831595,0.07766729373824242,0.22294372294372297,0.18963616317530319,0.1294239597216052,0.1989131989131989,0.22997306110874807,0.27535169988276675,0.2972506117748669,0.23718675879137874,0.16751930986056776,0.1893954813759414,0.22681587400269404,0.31605194805194803,0.37155480749000636,0.4170590753424657,0.5283516020236088,0.5901237092321848,0.5606654657200381,0.7043335723798793,0.9487704918032785,0.9843595109593567,1.0,0.9565664882667765,0.862215909090909,0.6940449557899222,0.5897547683923707,0.44023814873062234,0.25412160033602854,0.1623741388447271,0.055947632198015754,0.22348790322580644,0.2304832713754647,0.28262451908079445,0.31003584229390685,0.22908496732026143,0.05917776491024898,0.24517704517704522,0.2338031811716022,0.20922442669415098,0.15922661359112877,0.11176631925397697,0.20228178196305685,0.2845163222521713,0.20797576981322566,0.14545454545454545,0.04780876494023904,0.05848787446504992,0.09350649350649351,0.07602339181286549,0.015873015873015876,0.10769230769230768,0.0965909090909091,0.01830663615560641,0.0909090909090909,0.062355658198614314,1
0.06268436578171092,0.08058294042006,0.045992115637319315,0.10247265810746553,0.19579000760841997,0.24375167965600644,0.4312770562770563,0.44454244762954803,0.3881237968310381,0.41141141141141135,0.4186870835105629,0.4878370457209848,0.5422484525694545,0.5081984118799628,0.694352492727455,0.8453083655607572,1.0,0.9249870129870128,0.84325689038502,0.787029109589041,0.8041736930860033,0.8798691340353747,0.714104058493165,0.6011679131236555,0.7089139344262294,0.8301575063332965,0.6132997163567603,0.4656237134623302,0.6236810064935064,0.6966016831788644,0.6019618528610355,0.4303527297236576,0.38107739157828413,0.4006359300476947,0.15413726091848218,0.19102822580645162,0.22075224141701288,0.09940729957367163,0.1277672359266287,0.3305010893246187,0.18621887666473652,0.24395604395604395,0.16448984870037503,0.14545220304045348,0.2766562411145863,0.30101481075150854,0.3495110467222021,0.44863731656184486,0.3902069661786976,0.23757575757575758,0.12151394422310757,0.17403708987161198,0.17662337662337663,0.19590643274853803,0.1564625850340136,0.1435897435897436,0.21875000000000006,0.036613272311212815,0.14325068870523416,0.03002309468822171,1
