attr1,attr2,attr3,attr4,attr5,attr6,attr7,attr8,attr9,attr10,attr11,attr12,attr13,attr14,attr15,attr16,attr17,attr18,attr19,class
0.8616600790513833,0.2875,0.0,0.0,0.0,0.04372620068816809,0.00033238215606365683,0.014906832117588064,0.0006732396719941211,0.2767880372358803,0.26499191786865406,0.3195876117850691,0.24240062611377625,0.6641791126225215,0.40235293880968853,0.3149905194308121,0.3195876117850691,0.28296396,0.18156643438587305,1
0.83399209486166,0.3458333333333333,0.0,0.0,0.0,0.058935356077144174,0.002393899316580191,0.0273291903522242,0.0006946128061672022,0.10895946890656759,0.0769854098621184,0.1649484597573751,0.08028059375586613,0.578358221047282,0.42588236925951545,0.3643264014092874,0.1649484597573751,0.57665956,0.14852441944980704,1
0.7351778656126482,0.3125,0.0,0.0,0.0,0.036121676035507366,0.001071715720914324,0.06832297140851108,0.001833789994371774,0.04673380160290632,0.034035659108878916,0.07216494865857917,0.03195634951032425,0.7313432900980172,0.2647058807958477,0.4686907131408676,0.07216494865857917,0.5942257,0.16615033385764877,1
0.1818181818181818,0.4583333333333333,0.0,0.0,0.0,0.030418244390116686,0.0010341633270089575,0.10931674352069914,0.002314590225653318,0.3741286033812116,0.3419773204374175,0.4432989731715834,0.3312548454791942,0.492537312680998,0.5517647226366781,0.2485768557982782,0.4432989731715834,0.30067223,0.15678962800517837,1
0.992094861660079,0.525,0.0,0.0,0.0,0.030418250549812762,0.0005488765762539044,0.0136645951761121,0.0005138212091950498,0.005163955465962988,0.002431118382748123,0.011782032461104328,0.000779423194717905,0.813432838853308,0.16470588820761242,0.5464895799127927,0.011782032461104328,0.75,0.1740185914730169,1
0.525691699604743,0.3875,0.0,0.0,0.0,0.08174905665110123,0.001856112481123674,0.05962731729022873,0.002564727278235074,0.15182030756995532,0.1523500903756085,0.18777614441991058,0.11301635657002784,0.789179107165432,0.3399999968235294,0.2884250642244778,0.18777614441991058,0.43039906,0.23073729880803068,2
0.5770750988142292,0.47500000000000003,0.0,0.0,0.0,0.21863119165377606,0.0039565772904889135,0.02981364858300319,0.0005482946012288121,0.30131680251949816,0.27147486443658725,0.3645066247090823,0.26266560911408854,0.5317164274024001,0.5058823417301038,0.28273245326199287,0.3645066247090823,0.32463875,0.15909958197179597,1
0.8893280632411067,0.4125,0.0,0.0,0.0,0.011406844811693129,8.963115940976793e-05,0.011180122858377462,0.00015228065303115058,0.011618899972700233,0.000810372769938191,0.029455082478239452,0.0031176928490197083,0.7555970217858932,0.2200000010588235,0.5161290467466487,0.029455082478239452,0.9777778,0.1491090763936238,1
0.7786561264822134,0.48333333333333334,0.0,0.0,0.0,0.08365019209183314,0.004421806633818633,0.1913043235214706,0.04294849305288523,0.28401756108497483,0.27714749009033623,0.3195876117850691,0.2525331176139324,0.6958955316293994,0.36941177429757777,0.3358633978302589,0.3195876117850691,0.24899939,0.19068205304134173,1
0.9644268774703557,0.2583333333333333,0.0,0.0,0.0,0.28136882545649083,0.006326383174901262,0.23975153293468737,0.005540462118093243,0.3253292215438953,0.23419772475038672,0.4646539251498238,0.26500390444259064,0.10074626621324356,0.8764706171972316,0.12333968786838961,0.4646539251498238,0.5490324000000001,0.13311521876663834,1
0.3438735177865613,0.25,0.0,0.33333332333333354,0.49999999999999994,0.04942966860732454,0.0007917418896331862,0.10062111176266386,0.0040955488897077815,0.15569327050947393,0.15883307341031666,0.18924889035899195,0.11691348972989897,0.8059701532134105,0.3294117615916955,0.2884250642244778,0.18924889035899195,0.41629943,0.23625870255548603,2
0.6126482213438735,0.15833333333333333,0.0,0.0,0.0,0.03612164523702698,0.0005789288068064483,0.02732915904787832,0.00039264235788175864,0.26516912750330374,0.26012967147592925,0.2923416694231099,0.24084178828240718,0.7145522457291433,0.3247058733840831,0.3889943253207263,0.2923416694231099,0.22118697,0.18373231421558617,1
0.5691699604743082,0.9874999999999999,0.0,0.0,0.0,0.07034219952001595,0.0017324420924326907,0.047204963527642016,0.0009933143699770478,0.1874516014702278,0.16936790169666044,0.16642119906906333,0.2268121706371887,0.6492537379845176,0.07529412132179927,0.8576850333382542,0.21428573038081197,0.29167509999999996,0.8946754432919612,1
0.07114624505928853,0.37916666666666665,0.0,0.0,0.0,0.13307989149763805,0.0015131475830235683,0.026086953410748237,0.0004498279022669531,0.40691971051648984,0.3695299965115883,0.48674518050997656,0.3577552499530709,0.4458955526182049,0.6105882140553633,0.20113855634809452,0.48674518050997656,0.31701399999999996,0.15816387232734874,1
0.12648221343873517,0.3625,0.0,0.0,0.0,0.020912548022958284,0.0006167234569813366,0.02981365752710201,0.0006628561353854749,0.014200878751382767,0.004051864214358705,0.023564064922208656,0.014029617645218467,0.7593283578894241,0.18000000211764702,0.5768501094925989,0.023564064922208656,0.8833333000000001,0.08314689342030929,1
0.3438735177865613,0.5208333333333334,0.0,0.0,0.0,0.0627376372247681,0.0011594813608379155,0.04596272435014134,0.001523861010696703,0.05577072209979,0.02998379197717822,0.08762886386134858,0.04676539098159341,0.6380597028082535,0.297647066484429,0.510436447738623,0.08762886386134858,0.6950877,0.10601655576690638,1
0.91699604743083,0.22083333333333333,0.0,0.0,0.0,0.03422057823736259,0.0008066836815773511,0.017391294820416472,0.00014960818533736071,0.6470436219068512,0.563209064531678,0.786450639275032,0.5791114706434459,0.048507446584707514,0.952941223806228,0.05313092749046744,0.786450639275032,0.34921030000000003,0.13686133099354164,1
0.48221343873517786,0.7625000000000001,0.0,0.0,0.0,0.08745249034972394,0.0017996114622860686,0.2037266482157361,0.005563891041035662,0.4239607753357328,0.3962722787380249,0.4963180854468477,0.37334369841484955,0.507462687319002,0.5788235083598616,0.1897533173453259,0.4963180854468477,0.29238248,0.16965394423095304,1
0.07114624505928853,0.07083333333333333,0.0,0.0,0.0,0.03992395376107792,0.0012886941494682361,0.024844738829519326,0.0008557440872492415,0.777433548487484,0.700972481369307,0.8696613117108887,0.7521433748357481,0.05783587919427913,0.7576470484844291,0.35863379044680244,0.8696613117108887,0.26754448,0.10378018335960504,1
0.28063241106719367,0.75,0.0,0.33333332333333354,0.0,0.04372623490870184,0.0005116447370543896,0.06956521953011058,0.003323457816398694,0.10586109158361245,0.08833063199619637,0.09867452136469425,0.13016367092241085,0.6791044872605254,0.12235294622145325,0.7514231612795207,0.12297495859370426,0.3503698,0.9383628279325538,1
0.8893280632411067,0.25416666666666665,0.0,0.0,0.0,0.043726238330755215,0.000825353709278763,0.03105589670460269,0.0010392484814415325,0.03150012924864847,0.011345219216735975,0.06259205034910124,0.01792673396954843,0.6847014964531353,0.2882353006574394,0.4781783815698037,0.06259205034910124,0.84168977,0.13891259952837615,1
0.9802371541501976,0.675,0.0,0.33333332333333354,0.0,0.057034179571771766,0.0016602935873731898,0.08074532740712252,0.0015238600729684927,0.3847146951112222,0.3541329145391646,0.46097204373363737,0.3328136973401809,0.49999999160447783,0.5882352847750865,0.18216322632134185,0.46097204373363737,0.32108474,0.1682915689853139,1
0.6403162055335968,0.8291666666666667,0.0,0.0,0.0,0.05323193948878835,0.0005488762737486771,0.03354036835152991,0.0006927101556279437,0.08262328606113978,0.06807131821775783,0.05891016230552164,0.1215900242684326,0.7070895617683501,0.037647063307958445,0.8595825646331496,0.11487481947809411,0.48873982,0.8541539459517173,1
0.8932806324110671,0.7708333333333334,0.0,0.0,0.0,0.08935362579045583,0.002380664712886239,0.07950312176999244,0.0012228765114917406,0.3289439730114322,0.3071312747741594,0.38586154355035673,0.2891659925435388,0.578358221047282,0.4823529324567474,0.27324477970971717,0.38586154355035673,0.29246890000000003,0.16866573868507245,1
0.20948616600790512,0.6875,0.0,0.0,0.0,0.07224339997976198,0.0006942803118304551,0.05962733741445109,0.0019414950041185845,0.35321458259379035,0.33549433010935437,0.4153166478989938,0.303975039626655,0.5988806048778957,0.5129411793356401,0.20303607056519124,0.4153166478989938,0.30857325,0.18345284530891537,1
0.25296442687747034,0.55,0.0,0.0,0.0,0.011406846864925154,0.00013444677440692843,0.009937888823733611,5.3431819003540954e-05,0.035114898841669996,0.04781199204061582,0.039027982775935326,0.01870615709411825,0.9104477572092894,0.15882353483044978,0.4573055202481555,0.04418262007229292,0.5952381,0.35871789798822507,2
0.5573122529644269,0.6333333333333334,0.0,0.0,0.0,0.05133078009368281,0.0008851084642575958,0.3950310164577008,0.002340352288516591,0.2819519738792246,0.25526742508320444,0.3217967671443537,0.26500390444259064,0.5597014901564936,0.3894117753564013,0.44212525281119364,0.3217967671443537,0.2689782,0.10936244340469231,1
0.18972332015810275,0.9541666666666667,0.0,0.0,0.49999999999999994,0.10456273327068466,0.0016523380024006816,0.04596273105821546,0.0012578339371879205,0.14252518257243016,0.11102106897099732,0.12444772441496522,0.19173811249452496,0.5708955253327577,0.07882353483044979,0.9316888050725709,0.1811487512433818,0.44580838,0.9174554748046114,1
0.8735177865612648,0.5583333333333333,0.0,0.0,0.0,0.0,0.0,0.0,1.1465222690121341e-11,0.0,0.0,0.0,0.0,0.8339552260421307,0.13176471098961934,0.5787476426660522,0.0,0.0,0.5110544163583071,1
0.9525691699604742,0.2916666666666667,0.0,0.0,0.0,0.051330800626003065,0.001154003596182142,0.027329201532347726,0.0005343186278454498,0.2667183196504514,0.25202594450588284,0.31296021860854034,0.2314886911461047,0.6473880682536476,0.41647060343252584,0.3092979255461259,0.31296021860854034,0.30079645,0.17788663453845865,1
0.07905138339920947,0.8541666666666667,0.0,0.33333332333333354,0.0,0.13117870130405215,0.0007058434733085522,0.018633538469966553,0.0003446351457425085,0.11541440713909859,0.09562398699857363,0.09278350447140277,0.1582229062128478,0.6604477731607816,0.05058824264359858,0.8861480198394839,0.14948453129981934,0.426777,0.881951910766033,1
0.22134387351778653,0.9083333333333333,0.0,0.0,0.0,0.09315591036013314,0.0020765024627958906,0.07701863447089226,0.001016327735056305,0.10198812864409383,0.08752026002852722,0.08983799271106042,0.12860483309104184,0.7014925408220093,0.09764706330795844,0.768500960011378,0.12150221265462288,0.34769190000000005,0.9056445349240022,1
0.17391304347826086,0.325,0.0,0.0,0.0,0.026615968033367483,0.000343586344672036,0.017391302199298,0.0003419635075775203,0.016008263547893527,0.000810372769938191,0.04270986883129699,0.0023382696543018033,0.723880606137224,0.2635294219792387,0.4781783815698037,0.04270986883129699,0.9861110999999999,0.15449448100532243,1
0.14624505928853754,0.125,0.0,0.33333332333333354,0.0,0.06083650178403619,0.00168805338289579,0.03726707693993311,0.001282363608783679,0.15672606062667888,0.1515397184079394,0.19734904935678166,0.11847233457607685,0.7481343344668911,0.36352942727335624,0.29222010973646984,0.19734904935678166,0.43204709999999996,0.21362919175030343,2
0.36363636363636365,0.23333333333333334,0.0,0.0,0.0,0.05893531501250367,0.001400710322607708,0.03354035717140638,0.0008568687840384184,0.4234443663344498,0.38654781512599523,0.5029454786233765,0.37412312785274726,0.44402988288733497,0.6129411634532872,0.19924102505319918,0.5029454786233765,0.303044,0.15686169864951893,1
0.7272727272727273,0.7375,0.0,0.0,0.0,0.060836467563502444,0.0011381743043186452,0.04472048070059125,0.0008996553025646962,0.3498579937988534,0.3282009751069771,0.41163474660062777,0.30475446204974393,0.5727612118546721,0.510588261702422,0.23339662251691384,0.41163474660062777,0.30042979999999997,0.17405654901479523,1
0.5928853754940712,0.325,0.0,0.0,0.0,0.28707225915511353,0.004615541064882935,0.016149063021797326,0.0002810893659962621,0.22101730119340984,0.1993517082605487,0.2717231202376795,0.18784100037908025,0.6138059795158998,0.4270588386643598,0.3263757242779832,0.2717231202376795,0.35127252,0.16748217183283465,1
0.9328063241106719,0.75,0.0,0.0,0.0,0.03422053375066871,0.00031370907305944913,0.033540370587554616,0.0007293440229658154,0.05112316308669755,0.03889789456157127,0.03608247565476822,0.07872174189487943,0.7332089598288871,0.0717647131072664,0.7779886335636538,0.07437407750829103,0.5358196999999999,0.867365520802739,1
0.6245059288537549,0.39166666666666666,0.0,0.0,0.0,0.019011410528994358,0.0005060394160277756,0.08944098823347899,0.0013169608747140582,0.1864187974103423,0.1645056698906456,0.22533136800197814,0.16601713745854596,0.6231343449612938,0.362352957868512,0.4212523914895455,0.22533136800197814,0.3374935,0.14299452100259946,1
0.3794466403162055,0.4791666666666667,0.0,0.0,0.0,0.03612167261345399,0.0003771979626474612,0.022360249294394452,0.0006091226498618734,0.04518461363856278,0.05591572046933322,0.05301914541223015,0.026500388339816418,0.8936567178777288,0.18000000211764702,0.44022772151629824,0.05522828088933518,0.5515873,0.32334325864572827,2
0.9723320158102766,0.775,0.0,0.0,0.0,0.011406838651997054,4.4815578696533216e-05,0.013664592940087393,4.541708123427763e-05,0.041828041574842496,0.02998379197717822,0.026509572706115075,0.06936866580300341,0.7388059774170191,0.06823529959861588,0.7779886335636538,0.0655375554820504,0.61705947,0.8593969887968173,1
0.007905138339920948,0.3333333333333333,0.0,0.0,0.49999999999999994,0.07604563321863865,0.005094038791656986,0.022360247058369746,0.001410599817036352,0.03924606349329399,0.013776336578414396,0.0706921960921046,0.03039750606710815,0.6455223985227776,0.29176470887197226,0.512333982449078,0.0706921960921046,0.82974845,0.11083833872883864,1
0.6600790513833992,0.24583333333333335,0.0,0.0,0.0,0.028517110318206137,0.0006162149456942615,0.00869566082635647,7.747647953555444e-05,0.38368191196535745,0.3760129795462964,0.43004418681852585,0.3413873720533945,0.6585820866388673,0.4447058797370242,0.2523719525436665,0.43004418681852585,0.24982914,0.19074792893428194,1
0.01976284584980237,0.45416666666666666,0.0,0.0,0.0,0.011406842758461105,8.963116949327552e-05,0.011180123529184873,5.610340018350711e-05,0.008004131773946764,0.001620745539876382,0.019882179529586305,0.00155884638943581,0.7873134374345622,0.19058823734948094,0.5313093141836106,0.019882179529586305,1.0,0.1656781897156886,1
0.02766798418972332,0.041666666666666664,0.0,0.33333332333333354,0.0,0.020912576768206632,0.0004467537659884096,0.04596274000231428,0.0008790731060707663,0.875548679335358,0.8273905739658879,0.9440353096904615,0.8480124170533931,0.222014966630234,0.6670588407820068,0.3377609291251543,0.9440353096904615,0.20358202,0.11443487037314809,1
0.34782608695652173,0.2375,0.0,0.0,0.0,0.138783290975727,0.003066131272748393,0.05341613929092302,0.0008789522112645414,0.12341853751877732,0.1288492814331384,0.15243004306016167,0.08729540257847536,0.8320895544642458,0.30000000529411763,0.3092979255461259,0.15243004306016167,0.46200204,0.24849560294363165,2
0.8774703557312252,0.7458333333333333,0.0,0.0,0.0,0.06844104696901716,0.0010414205282467282,0.04596274000231428,0.0010581319472155347,0.3268784067197028,0.3063209100998453,0.3829160649269804,0.28682774631869845,0.5876865697016317,0.4776470760138407,0.27134726549262045,0.3829160649269804,0.29222646,0.1710761517096296,1
0.7707509881422925,0.9708333333333333,0.0,0.0,0.0,0.04372624517486197,0.0005564601806319214,0.08074534305929545,0.005014574038990789,0.05396333939468132,0.048622365466955954,0.04639175223570138,0.06703039151892777,0.7798507484364557,0.10823529853979236,0.6717267734593795,0.06332842000494536,0.3833719,0.9039908552710493,1
0.5968379446640316,0.6000000000000001,0.0,0.0,0.0,0.017110266875334356,0.0006162142801827617,0.24099377882026216,0.09507654460021715,0.05086496207172617,0.03889789456157127,0.07290132494181646,0.038971158332933485,0.7350746295597571,0.24941176794463663,0.4895635812936352,0.07290132494181646,0.5,0.15589420942674959,1
0.46640316205533594,0.6583333333333333,0.0,0.0,0.0,0.039923967449291414,0.0009914026703548105,0.022360240350295626,0.0006628557386543089,0.18099664929501627,0.1523500903756085,0.16568482941321921,0.22447388232349547,0.578358221047282,0.10117647681660896,0.8880455340565805,0.2120765816489206,0.34778315,0.9272383806651232,1
0.5889328063241106,0.5875,0.0,0.0,0.0,0.0038022804632132515,2.9877047758718603e-05,0.04596273105821546,0.002578085144461789,0.009553318344022257,0.007293355002377269,0.015463918516465988,0.0054559625734696,0.815298508584178,0.1623529451626297,0.5483871112076881,0.015463918516465988,0.537037,0.17406138394271742,1
0.09486166007905138,0.8208333333333334,0.0,0.0,0.0,0.1958175355665129,0.0048819947275355585,0.14161492188727193,0.0025627230645173167,0.3878130794055176,0.3517017694627372,0.4661266710889052,0.33904908373970116,0.4608209272562089,0.5988235200069203,0.2049335847822879,0.4661266710889052,0.32059526,0.15941670623725002,1
0.3359683794466403,0.2625,0.0,0.33333332333333354,0.0,0.045627387459700616,0.0015685457686375488,0.014906845533736304,9.617726864084252e-05,0.1562096655680764,0.15802268685593748,0.1914580324634902,0.11691348972989897,0.7966417928053297,0.33764706860207605,0.2846300187124858,0.1914580324634902,0.42220616,0.23461224171852807,2
0.8814229249011858,0.21666666666666667,0.0,0.0,0.0,0.026615911911692134,0.0002987679264597693,0.014906859844294417,0.00012823608987860512,0.8381100027299768,0.7909237989540016,0.9116347797375938,0.8043647262863685,0.2406716807299779,0.6823529430449826,0.29411767518696275,0.9116347797375938,0.21148404,0.12226496899140804,1
0.5652173913043478,0.6583333333333333,0.0,0.0,0.0,0.03802280121007914,0.000785871906783216,0.031055887760503862,0.0005358520659350289,0.1192873700786172,0.09805511019493608,0.11929307717751783,0.13951676104390456,0.6492537379845176,0.1600000052941176,0.7210626264055968,0.13181149387473126,0.32496518,0.9869627007974525,1
0.7114624505928854,0.01666666666666667,0.0,0.0,0.0,0.028517199291593888,0.0002128737552918248,0.03229809563365865,0.0008869693546673294,0.9780532448660959,0.97649920564424,0.9911634978559389,0.9641464703305853,0.5111940603628307,0.42588236925951545,0.4326375963367166,0.9911634978559389,0.10463921,0.11980080096960444,1
0.6245059288537549,0.4375,0.0,0.33333332333333354,0.0,0.01520910063612208,0.0003471401559152276,0.04596272435014134,0.0007962506422586476,0.20784922719904653,0.18719610686544658,0.24594991718740852,0.18706156392637363,0.6249999979011194,0.36352942727335624,0.417457311821956,0.24594991718740852,0.31028613,0.14549572322925164,1
0.3675889328063241,0.8875000000000001,0.0,0.0,0.0,0.04752851263427239,0.0018561122794535224,0.021118005644844368,0.00039806700738053124,0.0937258007351139,0.07293355002377269,0.07879234183510794,0.12938425551413077,0.6604477731607816,0.0823529483391003,0.8349146236439119,0.12223858893786017,0.45764294,0.9018959380813611,1
0.37549407114624506,0.45,0.0,0.0,0.0,0.011406843442871779,8.963116949327552e-05,0.012422358234636133,0.0001496090942123956,0.010069713402624737,0.0,0.0279823272608076,0.000779423194717905,0.7611940309785029,0.2200000010588235,0.510436447738623,0.0279823272608076,1.0,0.15620436669537124,1
0.9525691699604742,0.6375000000000001,0.0,0.33333332333333354,0.0,0.013307988465353129,0.0005384865300472393,0.07204970235716134,0.0007552622536426186,0.13813582457430906,0.11021069700332817,0.12444772441496522,0.1792673326806755,0.5970149351470259,0.09882353377162625,0.8728652666196186,0.16936671082940566,0.40952933,0.9240053415880773,1
0.10276679841897232,0.1625,0.0,0.0,0.0,0.036121679457560736,0.0004668293136438731,0.02236025600246857,0.00035265006745076696,0.16059902356619746,0.15802268685593748,0.19882179529586305,0.12236944669152154,0.7649253788357651,0.35294119204152236,0.29222010973646984,0.19882179529586305,0.41874644,0.2187336836921322,2
0.9367588932806323,0.18333333333333332,0.0,0.0,0.0,0.024714888714310934,0.0004947488117594673,0.022360247058369746,0.00040233879217734,0.7924089912442754,0.7366288552401041,0.8762887048874174,0.756040522025237,0.1958955400249216,0.7211764863460206,0.2770398764551054,0.8762887048874174,0.23589359,0.12162491183181567,1
0.13043478260869565,0.49999999999999994,0.0,0.0,0.0,0.011406843442871779,0.00017926232890304346,0.016149065705026975,0.0003980669352475919,0.005680351221699497,0.002431118382748123,0.012518408744341614,0.00155884638943581,0.8097014960333592,0.16588235867128023,0.5483871112076881,0.012518408744341614,0.9259259,0.1658682292437425,1
0.33201581027667987,0.47083333333333327,0.0,0.0,0.0,0.04182511315618344,0.0009427266449830921,0.053416154943095956,0.0012109996787742223,0.1022463261733951,0.05510534704299309,0.15979380589253456,0.0865159731405776,0.4757462683121241,0.43176471628373697,0.45920305154305097,0.15979380589253456,0.6911225999999999,0.10870081373683599,1
0.6047430830039525,0.7416666666666667,0.0,0.0,0.0,0.053231932644681595,0.0010557844847892306,0.03229812693800454,0.0006208213863523219,0.41776402068982255,0.3897892957033169,0.4963180854468477,0.3608729326306178,0.507462687319002,0.6070588376055363,0.1442125321122389,0.4963180854468477,0.3128917,0.1742955757639501,1
0.9090909090909091,0.6208333333333333,0.0,0.0,0.0,0.08935361210224234,0.008309555414117556,0.29440992705528407,0.10088190453918962,0.2850503651448603,0.24878443475514125,0.34315170586780774,0.2579890956199814,0.492537312680998,0.4776470760138407,0.3681214639990782,0.34315170586780774,0.33961803,0.11891540479384782,1
0.8695652173913043,0.5958333333333333,0.0,0.33333332333333354,0.49999999999999994,0.14448670071997605,0.0027636242304267017,0.028571427293700165,0.00043012591517782085,0.04518461363856278,0.031604539559194,0.07142857237534188,0.03039750606710815,0.7257462691516763,0.26823529959861586,0.4686907131408676,0.07142857237534188,0.6248001999999999,0.1605247273407031,1
0.20158102766798416,0.37916666666666665,0.0,0.0,0.0,0.024714831566019575,0.0005116444849667003,0.018633538469966553,0.0004087534302011933,0.020139426805249473,0.004862236911363346,0.041973491222581066,0.011691347570028135,0.7220149330481452,0.24117647152249133,0.5161290467466487,0.041973491222581066,0.89973545,0.1313582093172922,1
0.5494071146245059,0.2583333333333333,0.0,0.0,0.0,0.05893533554482392,0.0008346722214693205,0.017391294820416472,0.0007239952212526905,0.3227472253368622,0.33306322149970197,0.3387334216588113,0.2954013859578679,0.8022388103934617,0.2847058924429065,0.3643264014092874,0.3387334216588113,0.1761556,0.2287502105837747,1
0.5652173913043478,0.4458333333333333,0.0,0.0,0.0,0.019011409160173003,0.0003884018285835979,0.014906829210755947,0.00028853176856549436,0.044926416806395565,0.05510534704299309,0.05375552832286062,0.025720965916727484,0.8899253733786756,0.18470588714878888,0.43643265892650746,0.05596465717257248,0.5643298000000001,0.3205880044598852,2
0.7193675889328063,0.3333333333333333,0.0,0.0,0.0,0.09125476807529448,0.0009018963447688375,0.011180120175147815,0.0003950883209329309,0.10069714099758766,0.08022690502614996,0.13917525670710415,0.07950116431796837,0.6604477731607816,0.3399999968235294,0.4193548601946501,0.13917525670710415,0.47678283,0.15372895075097087,1
0.19762845849802368,0.43333333333333335,0.0,0.0,0.0,0.02281369030779693,0.000492971512881076,0.0310559011766521,0.0004942438750382789,0.018848437764475222,0.004051864214358705,0.03755522689576416,0.013250193819167767,0.7257462691516763,0.22588235867128023,0.5370019131916365,0.03755522689576416,0.91798943,0.11512980732224648,1
0.13043478260869565,0.008333333333333338,0.0,0.0,0.0,0.007604490774332314,0.00017356839401184854,0.03478255833648706,0.00039264123982119984,0.4905757936661748,0.4424635465353611,0.5839470023273416,0.4372564072562304,0.3451492864049614,0.6952940959100347,0.16698295888437992,0.5839470023273416,0.3114367,0.14927609965021477,1
0.2885375494071146,0.22083333333333333,0.0,0.0,0.0,0.0627376235365546,0.001216539493469114,0.04472049411673949,0.0008046766351612466,0.39452622911003027,0.36223664150921103,0.47054491553354255,0.3445050477161325,0.4850746169664738,0.5894117435916956,0.19544592830781088,0.47054491553354255,0.3130033,0.16401949046742753,1
0.03162055335968379,0.2875,0.0,0.0,0.0,0.10076045896716748,0.013866691391427245,0.372670769399331,0.05158305834939832,0.16473019100635758,0.126418158236776,0.20986744617181552,0.15354637868912302,0.5167910359733517,0.3870588153702422,0.4895635812936352,0.20986744617181552,0.5142537,0.10285328738584931,1
0.2411067193675889,0.7875000000000001,0.0,0.0,0.0,0.07794675839321041,0.0021513231981981984,0.08447207847999512,0.001287362710007198,0.42550995354019994,0.39465153480268667,0.5066273600395629,0.3686671849207424,0.4850746169664738,0.6211764492871973,0.1442125321122389,0.5066273600395629,0.31254068,0.17083223966872008,1
0.14624505928853754,0.25,0.0,0.0,0.0,0.02471480179415521,0.0004947521695674901,0.01987575662883499,0.0005194159265247512,0.8517945345250049,0.8128038639611334,0.9167894336024341,0.8191738014287201,0.29291050035851396,0.644705869148789,0.3017078174443431,0.9167894336024341,0.19431558,0.12472977495509008,1
0.8695652173913043,0.07916666666666666,0.0,0.0,0.0,0.036121676035507366,0.0008613167810539767,0.03726707693993311,0.0011779262211860288,0.059127296952046396,0.044570501981932756,0.08689248757811127,0.04364769988627591,0.7145522457291433,0.27882353483044975,0.46299811925618134,0.08689248757811127,0.5185864,0.16522780274937837,1
0.33992094861660077,0.7708333333333334,0.0,0.33333332333333354,0.0,0.0456273361289,0.0008764865106869048,0.04968943293854453,0.001203817185611786,0.42938293042239906,0.4011345251307498,0.5014727724486541,0.3795790918291787,0.5018656613353477,0.5788235083598616,0.19544592830781088,0.5014727724486541,0.28752622,0.16711371003409536,1
0.16205533596837943,0.8,0.0,0.0,0.0,0.03231940036316884,0.0006523319522961356,0.13540372823579327,0.0017761355786679975,0.38006715352648035,0.35494328650683377,0.44477174562023747,0.33515199266868295,0.5391791231169243,0.5317647321660898,0.23339662251691384,0.44477174562023747,0.28979304,0.16748321268537347,1
0.05138339920948617,0.5166666666666667,0.0,0.0,0.0,0.009505703211265152,6.348875245230906e-05,0.006211179340920537,4.541702352792621e-05,0.020139426805249473,0.012155591184405116,0.03976435905917261,0.007014808822609233,0.7723880627965581,0.23058823629065742,0.48197345269849384,0.03976435905917261,0.83227515,0.18225480724879922,1
0.6679841897233202,0.5333333333333333,0.0,0.0,0.0,0.03612167261345399,0.0005116448378894654,0.016149065705026975,0.00020571236319000082,0.0291763486964012,0.013776336578414396,0.05670102682841659,0.014809041471269168,0.7182835851908832,0.2705882384083045,0.47248578256177787,0.05670102682841659,0.78617525,0.1538764664164311,1
0.20158102766798416,0.6625000000000001,0.0,0.0,0.0,0.019011410528994358,0.00045922320287694574,0.021118009222483896,0.00028108953911531635,0.1773818838847989,0.14667746472185952,0.16789396489032427,0.21667965809260614,0.5652985161401479,0.12823529917508647,0.8576850333382542,0.20471281881654774,0.34911168,0.948214698667734,1
0.4031620553359684,0.4958333333333333,0.0,0.0,0.0,0.011406844811693129,0.0,0.006211179340920537,0.0002810888971321568,0.005422153692398256,0.0,0.015463918516465988,0.0,0.7947761230744597,0.1811764736401384,0.5388994461943117,0.015463918516465988,1.0,0.15944851939146043,1
0.8221343873517786,0.9916666666666668,0.0,0.0,0.0,0.08365019209183314,0.0024051038076937977,0.0645962628201079,0.0027463943743310905,0.0596436850393086,0.05834684001901815,0.05007363564010577,0.07092751064918126,0.8059701532134105,0.10000000529411761,0.6584440339017532,0.06701030804852497,0.30902183,0.8329499162743255,1
0.6996047430830039,0.7166666666666667,0.0,0.33333332333333354,0.0,0.09315586929549263,0.0024183296387361576,0.10434781587901763,0.002668810998031459,0.38858766502208103,0.36223664150921103,0.46170841338948143,0.3359314080769631,0.5279851047317046,0.5741176730934254,0.17647061535885694,0.46170841338948143,0.31236586,0.17442329844322862,1
0.40711462450592883,0.46249999999999997,0.0,0.0,0.0,0.015209128012549079,2.9877009441389814e-05,0.011180121293160167,0.00012022152883504304,0.04466821648855822,0.0591572192800423,0.047864506790393904,0.027279811464386232,0.9197761176173702,0.15764706330795844,0.4497153899452343,0.05375552832286062,0.52006173,0.3713586592341961,2
0.5691699604743082,0.6333333333333334,0.0,0.0,0.0,0.10646389266579019,0.013609005338612253,0.41739126351607053,0.019652234848391136,0.27498063361675085,0.24797407008082714,0.31664213316169265,0.2564302437589947,0.5597014901564936,0.39647059178546706,0.43074004796402254,0.318851242129225,0.28153613,0.10389234361463395,1
0.8023715415019762,0.49999999999999994,0.0,0.0,0.0,0.0038022814898292638,0.00017357004770709105,0.002484471870529697,0.00012416432250911215,0.0015491867095022993,0.0,0.004418262338598951,0.0,0.82276119590318,0.14588235867128024,0.5673624429422207,0.004418262338598951,0.6666667,0.15944851939146043,1
0.225296442687747,0.41666666666666663,0.0,0.0,0.0,0.11026616696930736,0.003480676974431451,0.04596273105821546,0.0006865980431514101,0.13477924972205269,0.11345218487400473,0.17378496852882938,0.11379579302273442,0.6436567287919077,0.35058823205536327,0.4193548601946501,0.17378496852882938,0.40922624,0.14948935690506182,1
0.9328063241106719,0.3,0.0,0.0,0.0,0.024714832592635586,0.00042201339614148534,0.1304347782338647,0.015091809373743765,0.06893881003683378,0.04376013001426361,0.11266568400098907,0.04676539098159341,0.6380597028082535,0.35764706966089954,0.4136622492321652,0.11266568400098907,0.6765810999999999,0.1500704883806021,1
0.34782608695652173,0.39999999999999997,0.0,0.33333332333333354,0.0,0.04942966176321779,0.0019569476577221924,0.0422360336499358,0.0019769770526821117,0.1316808793704378,0.14505673537323124,0.15169367340431758,0.09742790109344034,0.8843283591487524,0.25882353377162626,0.32258066168819244,0.15243004306016167,0.39465594,0.28309580770618675,2
0.3201581027667984,0.45416666666666666,0.0,0.0,0.0,0.1939163864375675,0.04732525583875423,0.13291925211681663,0.043325185688367476,0.04854118430801501,0.02431118309814573,0.08468335872839941,0.03351519716242565,0.6511194077153875,0.3164705981384083,0.46679318867709163,0.08468335872839941,0.8228924999999999,0.13498213888649419,1
0.1343873517786561,0.2708333333333333,0.0,0.0,0.49999999999999994,0.26615971455420856,0.19381251774697333,0.1751552723506042,0.14550819532155984,0.0942421888223761,0.061588335183049715,0.12886598211438893,0.08885424742465323,0.578358221047282,0.32000001694117636,0.5351043784811813,0.12886598211438893,0.6374209,0.08744007438402296,1
0.9525691699604742,0.19166666666666665,0.0,0.0,0.0,0.04182515422082394,0.0007917397015120422,0.022360276126690923,0.00022441339033398854,0.6478182772368174,0.557536438877929,0.790868936738815,0.5822291322765664,0.003731389834873089,0.9705882119377163,0.07020872622232477,0.790868936738815,0.35934293,0.13261918538011808,1
0.3794466403162055,0.14583333333333331,0.0,0.0,0.0,0.05703424459078589,0.0016328497081429568,0.049689403870223366,0.0010163287449174547,0.4345468670657433,0.38816854447462346,0.5243004637385827,0.38347622498904993,0.37500000209888046,0.6647058702076125,0.1859582718333339,0.5243004637385827,0.32671866,0.14972687273924096,1
0.34782608695652173,0.875,0.0,0.0,0.0,0.04752851605632577,0.0014975872183071324,0.032298135882103354,0.0011434414105079792,0.09811515873323497,0.07779578912314254,0.08247422987868755,0.13406078303785554,0.6623134428916515,0.08000000423529409,0.8368121549388072,0.12665684000989072,0.44601154,0.9000666565323443,1
0.7075098814229249,0.7291666666666667,0.0,0.33333332333333354,0.0,0.05133084511269695,0.0018131611755917811,0.043478250467189415,0.0012851156246829012,0.3459850378306751,0.3282009751069771,0.40648010599057355,0.2985190966946501,0.6007462746087657,0.5035294029204151,0.2163188237850565,0.40648010599057355,0.30616122,0.18233216609555475,1
0.09881422924901184,0.32916666666666666,0.0,0.0,0.0,0.020912576768206632,0.00037720001968300686,0.028571474250218984,0.0002057126012287004,0.7885360701327984,0.770664492468918,0.8505155018371464,0.7388932146876629,0.45895522394325017,0.6152941340276815,0.18026566087084894,0.8505155018371464,0.18178941,0.16213071244425664,1
0.37549407114624506,0.4958333333333333,0.0,0.0,0.0,0.01901140573811963,0.0004592231827099306,0.0273291903522242,0.0004728036067386145,0.016782856832931275,0.003241491152686314,0.033136965882643844,0.012470771396078835,0.7350746295597571,0.21411765085813145,0.5464895799127927,0.033136965882643844,0.93121696,0.11381547917283441,1
0.2648221343873518,0.6083333333333334,0.0,0.0,0.0,0.1996197516951227,0.014464232991946102,0.0310559011766521,0.0011995435974914953,0.1494965228349039,0.12317667036609943,0.19882179529586305,0.12236944669152154,0.6044776140705056,0.40352940821453287,0.3738140578837644,0.19882179529586305,0.43888178,0.15274932384456336,1
0.30434782608695654,0.07916666666666666,0.0,0.0,0.0,0.02281369030779693,0.0006722327124312709,0.02111800117279496,0.000557011578408447,0.7875032312162118,0.7244732830184221,0.8689248757811128,0.7607170144749176,0.14738805985812542,0.7082352805397925,0.3472486026774301,0.8689248757811128,0.24233662,0.10897242588563327,1
0.4031620553359684,0.7250000000000001,0.0,0.0,0.0,0.06273761327039447,0.00469443543651101,0.22111797881254788,0.06846753283044626,0.2153369625201228,0.20259320342458023,0.24521354753156444,0.19563523162477844,0.6772388175296555,0.3258823639653978,0.4250474540793363,0.24889544220253723,0.25044397,0.09965234685806479,1
0.0,0.2916666666666667,0.0,0.0,0.0,0.41634983870664727,0.26968899639252436,0.20621116234713277,0.14813433924174724,0.14872193024700017,0.10210697003328177,0.2025036767120495,0.13639906433674,0.46455224992690436,0.42470587867820064,0.48197345269849384,0.2025036767120495,0.5952821999999999,0.10169567469530505,1
0.13043478260869565,0.4875,0.0,0.0,0.0,0.015209125274906381,0.0001195082132185911,0.014906829210755947,0.00035264995925135805,0.039504260325461206,0.05429497799266595,0.043446242463577006,0.021044426467827698,0.9235074654746324,0.1600000052941176,0.44212525281119364,0.049337262007825754,0.5974427,0.3704388578456484,2
0.15810276679841895,0.20833333333333331,0.0,0.0,0.0,0.07034219952001595,0.0015872190129778778,0.034782600820956466,0.0013999135384815684,0.15156209609797355,0.14829822324390782,0.19072165618025289,0.11301635657002784,0.7630597040675818,0.3552941096747405,0.29032257844157444,0.19072165618025289,0.43704242,0.219398620584991,2
0.5019762845849802,0.7708333333333334,0.0,0.0,0.0,0.05703423432462577,0.001254835546058236,0.04223601799776285,0.002778454796920104,0.13684482995646258,0.1142625641350289,0.12297495859370426,0.1730319462811552,0.6343283633465135,0.09764706330795844,0.8368121549388072,0.16347569393611416,0.36529657,0.9202335773824757,1
0.2134387351778656,0.4875,0.0,0.0,0.0,0.011406846864925154,4.481562810572034e-05,0.008695652553065059,0.00010953517814732026,0.035114898841669996,0.05024311304897174,0.03608247565476822,0.019485579517207186,0.9272388015781634,0.1447058871487889,0.46299811925618134,0.04565537595246409,0.59391534,0.3954525152579329,2
0.41897233201581024,0.75,0.0,0.0,0.0,0.12737642357848158,0.0030244291121350577,0.06459623598781142,0.0020097746739105174,0.4324812938026737,0.39708265070569415,0.5176730705620539,0.37568199374335165,0.45149252822872593,0.6423529197508651,0.1442125321122389,0.5176730705620539,0.31468270000000004,0.1658757502427326,1
0.225296442687747,0.47500000000000003,0.0,0.0,0.0,0.0741444909338,0.001119829883160381,0.023602490707919827,0.0006526011901676745,0.12935708766404608,0.08103727699381909,0.20324005299528677,0.09742790109344034,0.45895522394325017,0.5164705769619378,0.33965846042004977,0.20324005299528677,0.6384555000000001,0.13467606108830693,1
0.9802371541501976,0.19583333333333333,0.0,0.0,0.0,0.04562738061559386,0.0009506822702896307,0.0062111773284983015,0.0002364017261490384,0.061709265273718526,0.04376013001426361,0.09646538588758918,0.042088852935655396,0.6902985224367896,0.31294116874740485,0.4326375963367166,0.09646538588758918,0.6077675,0.16096841591728772,1
0.2924901185770751,0.26666666666666666,0.0,0.0,0.0,0.09695819150775707,0.004649618883747644,0.04968943964661865,0.002682276342337693,0.18099664929501627,0.17017828825103962,0.23048602186681869,0.13873733862081564,0.7014925408220093,0.4117647152249134,0.26185960901814354,0.23048602186681869,0.42966329999999997,0.20289496345726216,2
0.9644268774703557,0.5375000000000001,0.0,0.0,0.0,0.0057034220636412265,0.0002812155950721495,0.0136645951761121,0.0005358521020014985,0.0028401756108497483,0.001620745539876382,0.0051546392845755575,0.00155884638943581,0.8246268673131543,0.1435294177439446,0.569259975944896,0.0051546392845755575,0.24074075,0.15944851939146043,1
0.691699604743083,0.925,0.0,0.33333332333333354,0.0,0.04942965491911104,0.0011578565044270633,0.05838508705682689,0.0013721416355312746,0.0870126580019414,0.07536467322013511,0.05522828088933518,0.1317225297982064,0.7257462691516763,0.0,0.9013283043542445,0.12444772441496522,0.5548810000000001,0.8306440921419747,1
0.3992094861660079,0.2583333333333333,0.0,0.0,0.0,0.01330799941592393,6.349006935839852e-05,0.03602483329038302,0.0008789528604609947,0.8750323121621165,0.8419772839706424,0.93151695926718,0.8456742059025969,0.32649257230521744,0.6094117552387543,0.32447819298308783,0.93151695926718,0.17863557,0.12369003042059412,1
0.14624505928853754,0.7958333333333334,0.0,0.0,0.0,0.07414446697942638,0.0010787198261119288,0.18633540705991256,0.001812116715038369,0.39969016575337457,0.3662884794674917,0.4742268300866949,0.3522992719470219,0.4757462683121241,0.5835294283321798,0.2144212583345636,0.4742268300866949,0.30251354,0.1595575570888731,1
0.9011857707509882,0.5666666666666668,0.0,0.0,0.49999999999999994,0.13878326702135338,0.014180402420687166,0.05590061764592437,0.0009216989124083393,0.1902917742925414,0.1523500903756085,0.2562592116623033,0.15666406838147875,0.5111940603628307,0.49294116768858126,0.32447819298308783,0.2562592116623033,0.45740503,0.14600600958037607,1
0.18972332015810275,0.5708333333333334,0.0,0.0,0.0,0.026615968033367483,0.0002539541668280028,0.1490683099957571,0.024108433996421184,0.11128324667027875,0.08752026002852722,0.11192931434514496,0.13328136762957543,0.6343283633465135,0.1611764746989619,0.7343453625476634,0.12886598211438893,0.40370809999999996,1.0,1
0.007905138339920948,0.2791666666666667,0.0,0.0,0.49999999999999994,0.5076045383408743,0.3591409819561682,0.9689440093823596,0.4777764689716559,0.555383422320168,0.5162074758201579,0.6060382576874944,0.5385814485243507,0.38619405406618906,0.5058823417301038,0.43074004796402254,0.6060382576874944,0.26973316,0.10618873292235881,1
0.30434782608695654,0.4875,0.0,0.0,0.0,0.039923977715451545,0.0008956115365006842,0.03105587881640504,0.0008106417407075378,0.348050618065085,0.31118315649257017,0.42562590260952937,0.30085736396391694,0.4682835725975999,0.5858823671418685,0.21821635507995185,0.42562590260952937,0.34023675,0.1580977110393575,1
0.5375494071146245,0.33749999999999997,0.0,0.0,0.0,0.2528517356706049,0.007441529167957358,0.01739130600054,0.0002483284604339474,0.06945520509543626,0.05186385698431002,0.10309277906411796,0.05066250870888515,0.6902985224367896,0.30941178170934247,0.43833019022140285,0.10309277906411796,0.6084366,0.15906080182075322,1
0.4268774703557312,0.5625,0.0,0.0,0.0,0.0019011407791351656,0.00013721916423049124,0.0012422359576250957,9.816051331315302e-05,0.00025819778724083,0.0,0.0007363770122505375,0.0,0.8320895544642458,0.13411765212871968,0.5768501094925989,0.0007363770122505375,0.11111111,0.15944851939146043,1
0.06719367588932805,0.5458333333333334,0.0,0.0,0.0,0.026615969059983494,0.0006572952866458866,0.0062111802353304185,0.00010953522142708384,0.003872967122322761,0.000810372769938191,0.008836524677197902,0.00155884638943581,0.8115671657642292,0.15647059284429063,0.5616698439341948,0.008836524677197902,0.41666666,0.14850813514395783,1
0.4268774703557312,0.4958333333333333,0.0,0.0,0.0,0.03802281147623926,0.000746926244385503,0.2186335317618924,0.01569826561804011,0.09088562094145998,0.07212317805610355,0.1251841006982025,0.07248636251016795,0.6753731310077412,0.31764705695501727,0.44022772151629824,0.1251841006982025,0.5481241,0.1522338332307449,1
0.16205533596837943,0.19999999999999998,0.0,0.0,0.0,0.06273763380271473,0.0035292278533906405,0.04596272435014134,0.0006224804728088241,0.15207850509925655,0.1515397184079394,0.19072165618025289,0.1114575187386588,0.7817164198464301,0.35294119204152236,0.2751423110046125,0.19072165618025289,0.44514215,0.22888063612206544,2
0.5691699604743082,0.09583333333333333,0.0,0.33333332333333354,0.0,0.019011465624053696,0.0003435866673442784,0.042236060482232274,0.0008228526210668391,0.9553317646888232,0.9586709640086787,0.9720176879821966,0.932969573407028,0.5522387944419695,0.4376470738961937,0.371916526588869,0.9720176879821966,0.1045387,0.1417195605822763,1
0.4624505928853755,0.4083333333333333,0.0,0.0,0.49999999999999994,0.12167300014601902,0.002677708107462764,0.08944097258130602,0.002224586639204609,0.09269300364656867,0.051053485016640886,0.14801178536073795,0.07404520034153701,0.5167910359733517,0.41882352106574394,0.43833019022140285,0.14801178536073795,0.694627,0.11752942569869951,1
0.7747035573122529,0.9083333333333333,0.0,0.0,0.0,0.04752850579016564,0.0015872173996166654,0.02608694446664941,0.00040875314166943615,0.12367673504807854,0.1029173420009509,0.11855670752167373,0.14886982310616292,0.6511194077153875,0.13647059337370238,0.7571157722420057,0.14064800264618552,0.3357168,0.9562043834833154,1
0.8893280632411067,0.3,0.0,0.0,0.0,0.030418266291258284,0.0005228486231575414,0.02360240573898101,0.00036600712578856127,0.6318099885920989,0.5437601664810386,0.7746685988610561,0.5643023674418591,0.0242537904565312,0.9658823766712801,0.05692602423585569,0.7746685988610561,0.36206177,0.1351634822594659,1
0.4743083003952569,0.5958333333333333,0.0,0.0,0.0,0.015209125274906381,0.00011950824346911383,0.05838508705682689,0.004148980282481699,0.012909889013474486,0.011345219216735975,0.019882179529586305,0.007014808822609233,0.8190298530832312,0.16823529853979236,0.5351043784811813,0.019882179529586305,0.5343915,0.19108853953363591,1
0.4624505928853755,0.041666666666666664,0.0,0.0,0.0,0.16539928296346812,0.004612278445171533,0.02857143176574958,0.0007666586809845651,0.45933383685000273,0.43273905374991123,0.5250368002574609,0.41465313594222486,0.5037313646483065,0.5552941202629758,0.23149905706642093,0.5250368002574609,0.2570597,0.1631816881134051,1
0.3675889328063241,0.23333333333333334,0.0,0.0,0.0,0.08745247666151043,0.003391047700637601,0.03478260976505529,0.0008549089320783147,0.16550477662292104,0.16693680038036304,0.20397644253331043,0.12314886209980162,0.7910447785754064,0.3552941096747405,0.26185960901814354,0.20397644253331043,0.42989677,0.23066707483754934,2
0.5968379446640316,0.8708333333333333,0.0,0.0,0.0,0.03231940036316884,0.0006909072172100469,0.03229814259017748,0.0015602092315950458,0.10198812864409383,0.08427876486449566,0.08689248757811127,0.13484020546094447,0.6791044872605254,0.08352941986159165,0.8140417623222638,0.127393216293128,0.41670507,0.8983328983856798,1
0.41106719367588934,0.7416666666666667,0.0,0.0,0.0,0.07034219952001595,0.0015243063958478536,0.09937888152926201,0.0024925802730368474,0.42809192186187217,0.4011345251307498,0.4999999668630341,0.3772408456043384,0.5111940603628307,0.5776470495432526,0.18785578605043057,0.4999999668630341,0.28551513,0.16926971855263406,1
0.3241106719367589,0.175,0.0,0.0,0.0,0.01901137836169263,0.0004592217911858851,0.016149075767138147,0.0003539214321453718,0.860573194750525,0.8192868980493266,0.91605306394659,0.8402182278965479,0.2742537694677257,0.601176458816609,0.3908918566156217,0.91605306394659,0.18721664,0.10927350087645649,1
0.691699604743083,0.37083333333333335,0.0,0.0,0.0,0.06653991495033866,0.0007805389110457163,0.03229814035415277,0.00047019958599090275,0.38600568972906857,0.3670988587285159,0.4432989731715834,0.34294621689957233,0.5802238907781518,0.4976470770726642,0.2466793245033828,0.4432989731715834,0.26862052,0.17425635912635867,1
0.383399209486166,0.3875,0.0,0.0,0.0,0.07604563321863865,0.0036599407654430943,0.03354036835152991,0.0009537578923385681,0.13038987778125108,0.14019448168715137,0.15390278899924306,0.09586905624726248,0.860074629139981,0.2752941160276816,0.32068313039329704,0.15390278899924306,0.41000929999999997,0.2681930657228708,2
0.7391304347826086,0.12916666666666665,0.0,0.0,0.0,0.02661599883184786,0.0005488754670680711,0.03726710600825428,0.000912415403123638,0.7593597214363973,0.6977309424451453,0.8365242795543131,0.7357754758916454,0.16604475716682499,0.6811764842283736,0.371916526588869,0.8365242795543131,0.24193405,0.10639985810829583,1
0.35177865612648224,0.41666666666666663,0.0,0.0,0.0,0.057034220636412274,0.001478913368956349,0.02981365529107731,0.0007373590745133645,0.12987348969398882,0.14424636340556213,0.1472753958227143,0.09742790109344034,0.89179104478865,0.24588235973010375,0.3358633978302589,0.1472753958227143,0.37431172,0.28713812642010267,2
0.4980237154150198,0.45416666666666666,0.0,0.0,0.0,0.017110266875334356,0.00048176746544180285,0.016149065705026975,0.0004301260594436996,0.010586109855495272,0.000810372769938191,0.027245948989352363,0.0023382696543018033,0.7630597040675818,0.21411765085813145,0.518026579749324,0.027245948989352363,0.9841270000000001,0.15295161857186462,1
0.6877470355731226,0.012500000000000004,0.0,0.0,0.0,0.030418223857796436,0.0008141136032163971,0.027329201532347726,0.0005621757558634973,0.7934417674188,0.7301459013788161,0.8755522689576416,0.7661729924809666,0.14365675397847433,0.7129411899238753,0.34345352300984056,0.8755522689576416,0.24216007,0.10963565040818624,1
0.5573122529644269,0.41666666666666663,0.0,0.0,0.0,0.03802282174239939,0.0004592229709562715,0.012422354656996603,0.00024832841715418383,0.2003614779352898,0.17909237989540014,0.23784978469919157,0.18082619155647103,0.6231343449612938,0.3588235390657439,0.4269449853742317,0.23784978469919157,0.31548372,0.14127187647497824,1
0.38735177865612647,0.39999999999999997,0.0,0.33333332333333354,0.0,0.053231946332895096,0.0020465781415369526,0.07453415611589093,0.001635011883085623,0.12987348969398882,0.1418152402091997,0.15243004306016167,0.0943102114010846,0.8750000004197761,0.2705882384083045,0.31309300521371547,0.15316641271600578,0.41378537,0.28099761686738467,2
0.12252964426877469,0.8125,0.0,0.0,0.49999999999999994,0.09695816070927668,0.0017880648377603967,0.12546582823193614,0.002025533629286881,0.40175575993046514,0.36790923069618503,0.47790871150288133,0.35307870138491965,0.4720149456414286,0.5917646929896194,0.2049335847822879,0.47790871150288133,0.30568013,0.16086894734805457,1
0.4268774703557312,0.4791666666666667,0.0,0.0,0.0,0.02851710689615276,0.0002128740073795142,0.014906829210755947,0.000256472622729505,0.05086496207172617,0.06401945108605714,0.054491897978704726,0.03429462168995723,0.9085820941948373,0.1611764746989619,0.45540798382992054,0.05891016230552164,0.45030865,0.35766715567150054,2
0.05138339920948617,0.32916666666666666,0.0,0.33333332333333354,0.0,0.10076046923332761,0.0024554177879527093,0.07453415611589093,0.0023162550538917866,0.034856701312368746,0.018638574219113243,0.04860088439910984,0.0358534665361351,0.7108208978718812,0.2058823576124567,0.5844402423571899,0.04860088439910984,0.7252886,0.06795521412980826,1
0.2924901185770751,0.3625,0.0,0.0,0.0,0.13498099271783617,0.04622354490952271,0.10434781587901763,0.028340221078401954,0.03847146951112222,0.017017829554439458,0.06921944352563002,0.026500388339816418,0.6735074780679157,0.2882353006574394,0.4895635812936352,0.06921944352563002,0.8721458000000001,0.1294689276557961,1
0.039525691699604744,0.4041666666666667,0.0,0.0,0.0,0.04562738403764724,0.0008066808581952297,0.03105589670460269,0.0006865985985750425,0.12316033998947606,0.13857374504516812,0.13991162636294827,0.09041309227083111,0.9011194035176264,0.24117647152249133,0.3339658665353636,0.13991162636294827,0.38875645,0.2924530048783247,2
0.43873517786561267,0.07916666666666666,0.0,0.0,0.0,0.019011465624053696,0.0002744371789411188,0.027329201532347726,0.0005194166839206136,0.7895688393359828,0.7350081258914759,0.862297482604584,0.7638347111820823,0.2052239222613601,0.6670588407820068,0.35483872785701165,0.862297482604584,0.22538376,0.11061030808311806,1
0.758893280632411,0.5958333333333333,0.0,0.0,0.0,0.058935345810984044,0.002573161393395545,0.04472049411673949,0.001346480775181805,0.19623031746646993,0.15721231488826834,0.2621502285555948,0.163678877204088,0.5018656613353477,0.49411762650519037,0.33206831816266935,0.2621502285555948,0.45353317,0.1432183546622764,1
0.7470355731225297,0.39166666666666666,0.0,0.0,0.0,0.064638800041927,0.0023154741305596426,0.04844718705296975,0.0012102318236356393,0.31887426239734357,0.3006482844460963,0.3733431401079297,0.27825409264991136,0.6063433005924199,0.46823531018685105,0.26755221998062845,0.3733431401079297,0.29599184,0.17595331809939313,1
0.2845849802371542,0.7625000000000001,0.0,0.0,0.0,0.11026615670314724,0.002354418552685924,0.10310560353381344,0.002420806844331127,0.42370258477777184,0.3897892957033169,0.5044182842089964,0.3702260367817292,0.46455224992690436,0.6188235316539792,0.16888047310147658,0.5044182842089964,0.30925295,0.165130634128497,1
0.25691699604743085,0.6208333333333333,0.0,0.0,0.0,0.10266162520637977,0.004078221196662278,0.0621118023533042,0.00030990439780800063,0.15930803591969125,0.1329011266847741,0.20913106988857827,0.1317225297982064,0.6007462746087657,0.40823528583391006,0.37001899529397353,0.20913106988857827,0.4260139,0.1520063230112938,1
0.023715415019762848,0.32916666666666666,0.0,0.0,0.0,0.04372623490870184,0.0008613166802189008,0.0546583807044484,0.0014559554944607897,0.032532920062987455,0.018638574219113243,0.03829160450448009,0.039750582158984187,0.7276119422407551,0.16705882807612454,0.6299810388616242,0.04123711361386514,0.66534394,0.0,1
0.28063241106719367,0.41666666666666663,0.0,0.0,0.0,0.017110266875334356,0.00030250522729032757,0.02111801011689378,0.001007189357245425,0.009036921891151725,0.0,0.023564064922208656,0.0023382696543018033,0.7686567216557139,0.20352941562629756,0.5294117811809353,0.023564064922208656,1.0,0.15187732444825786,1
0.5454545454545454,0.425,0.0,0.0,0.0,0.03231939009700871,0.000983775737144738,0.014906838825662183,0.00030413871819892337,0.2044926523467902,0.18152351038511758,0.24521354753156444,0.18316444479612018,0.6100746400541599,0.3752941213217993,0.4136622492321652,0.24521354753156444,0.32738453,0.1417489730604699,1
0.36363636363636365,0.5666666666666668,0.0,0.0,0.0,0.10456273327068466,0.003616447471378972,0.07950309493769596,0.0023195807430570637,0.05370514186538007,0.04700162299028868,0.0655375554820504,0.04754481480764412,0.7705223930656881,0.20117647258131485,0.5313093141836106,0.0655375554820504,0.34947090000000003,0.16446500892992716,1
0.6363636363636364,0.9416666666666667,0.0,0.33333332333333354,0.0,0.07794676865937056,0.0011529677174488245,0.05962732623432756,0.001850006488981959,0.0921766085879662,0.07941653305848083,0.06627393176528769,0.1317225297982064,0.7164179154600132,0.029411766885813137,0.8633776101451416,0.12444772441496522,0.47282594,0.8451984003439514,1
0.08300395256916995,0.31666666666666665,0.0,0.0,0.0,0.06463882057424723,0.0012695562570987895,0.026086953410748237,0.00044982876064893044,0.44642399524164206,0.40680715078449886,0.5324006028541929,0.39282929406611705,0.4179104394909781,0.6494117785328719,0.16698295888437992,0.5324006028541929,0.30969977,0.1576559362884088,1
0.7905138339920948,0.47500000000000003,0.0,0.33333332333333354,0.0,0.058935356077144174,0.001351452589767418,0.1913043011612235,0.004130212373676415,0.30234960657938365,0.3038898014901929,0.32474226564990966,0.276695226759307,0.7481343344668911,0.31058825111418675,0.3776091204735552,0.32474226564990966,0.19248421,0.2020590749288757,1
0.3715415019762846,0.4083333333333333,0.0,0.0,0.0,0.03422053375066871,0.000492971391878985,0.04347825493923882,0.0019689616404698664,0.1203201741385027,0.14019448168715137,0.13254786353057538,0.08807481798675547,0.9328358225245043,0.21882353165397922,0.3377609291251543,0.1354933752909177,0.38499743,0.32114857070381186,2
0.225296442687747,0.5625,0.0,0.33333332333333354,0.0,0.11977187497144724,0.0071144745322865854,0.05590063329809731,0.0033581888167984898,0.15853343636044728,0.132090754717105,0.20913106988857827,0.13016367092241085,0.6007462746087657,0.4117647152249134,0.3643264014092874,0.20913106988857827,0.42982522,0.15433225910076553,1
0.12648221343873517,0.5041666666666668,0.0,0.33333332333333354,0.0,0.03612167261345399,0.0010064818097556727,0.03850931388140907,0.0007199923192003234,0.01368448299564626,0.004862236911363346,0.0279823272608076,0.007014808822609233,0.7686567216557139,0.20352941562629756,0.5294117811809353,0.0279823272608076,0.6768879,0.14970538417069773,1
0.03162055335968379,0.4958333333333333,0.0,0.0,0.0,0.0019011416688690431,1.867317879752962e-05,0.05838508705682689,0.00450163281262706,0.012135296425570765,0.007293355002377269,0.021354934084278833,0.007014808822609233,0.7966417928053297,0.17882353694809683,0.5407969774892071,0.021354934084278833,0.5509259,0.15944851939146043,1
0.6561264822134387,0.5166666666666667,0.0,0.0,0.0,0.020912556235886382,0.00010830430896512559,0.013664600542571395,0.00010953517093402633,0.2174025288118522,0.17504052005705445,0.28571427624658113,0.18550272609500465,0.4720149456414286,0.510588261702422,0.3358633978302589,0.28571427624658113,0.44313568,0.13705237779824597,1
0.8814229249011858,0.35,0.0,0.0,0.0,0.041825099467969945,0.00047803291740881285,0.02360248623587042,0.0005263032156332043,0.024528788986174718,0.006482982305372629,0.047864506790393904,0.017147310143497733,0.7014925408220093,0.24941176794463663,0.5237191787573499,0.047864506790393904,0.88955027,0.11670773977108456,1
0.7193675889328063,0.39166666666666666,0.0,0.0,0.0,0.07224329389610736,0.0011502659424288187,0.017391264857685412,0.0004701997663232509,0.45701011485701365,0.43760130014263615,0.5220913216340846,0.40607949630305545,0.5541044977549282,0.5517647226366781,0.1859582718333339,0.5220913216340846,0.26498562,0.17706244720716174,1
0.24505928853754938,0.7916666666666667,0.0,0.0,0.0,0.04942966176321779,0.0009261889262113116,0.02111800653925425,0.0003980669352475919,0.05422153483258048,0.04538087613760839,0.03681884928704823,0.08106000916414624,0.7555970217858932,0.0611764778754325,0.7722960226011688,0.07658320635800289,0.54320127,0.8439571333275863,1
0.992094861660079,0.25,0.0,0.0,0.0,0.02471480179415521,0.00033238108721185376,0.02981366423517613,0.0005129445126643945,0.6214820874200492,0.5307941858249124,0.7658321298539608,0.5549493474684536,0.009328399027482948,0.9705882119377163,0.0645161664932361,0.7658321298539608,0.37009746,0.133413725202003,1
0.21739130434782608,0.7708333333333334,0.0,0.0,0.0,0.08174909087163498,0.0014326101038359277,0.09937888823733612,0.0031667986332858306,0.34908340818228994,0.32333872871425223,0.4123711162564718,0.30631332794034827,0.5447761491005785,0.517647046366782,0.2504744212487711,0.4123711162564718,0.29796279999999997,0.16610357943312315,1
0.91699604743083,0.47083333333333327,0.0,0.33333332333333354,0.0,0.07224335891512147,0.001513148389704174,0.04596272435014134,0.00035392363220001973,0.28530855570282126,0.2609400507369534,0.3409425505085232,0.2494154349363855,0.5746268647944976,0.465882350200692,0.30360534873923845,0.3409425505085232,0.31709695,0.16237438945394772,1
0.5533596837944664,0.2375,0.0,0.0,0.0,0.04942965491911104,0.001015820720882057,0.04844720270514268,0.0006331678766374602,0.1895171677619572,0.1766612566990377,0.24447717787572035,0.14341387315934923,0.6847014964531353,0.4399999915294117,0.23339662251691384,0.24447717787572035,0.4456523,0.2007253231280539,2
0.5335968379446641,0.49166666666666664,0.0,0.33333332333333354,0.0,0.0665399354826589,0.0031109513547394104,0.04472048517264067,0.002276196675261831,0.17221791935609357,0.13938410971948226,0.23122239152266283,0.14107559186046478,0.5522387944419695,0.4552941149688581,0.34345352300984056,0.23122239152266283,0.44974732,0.1482591363559635,1
0.3359683794466403,0.7333333333333334,0.0,0.0,0.0,0.03802280463213251,0.000726095734434291,0.032298135882103354,0.000541219946810592,0.09579138096952382,0.08508914412551981,0.06848306724239273,0.13484020546094447,0.7294776153298339,0.02352941986159164,0.8595825646331496,0.127393216293128,0.46332908,0.8369864599354453,1
0.6442687747035573,0.3,0.0,0.33333332333333354,0.0,0.08555133437667178,0.006128521967526266,0.0347826142371047,0.0005663762877428901,0.4619158469997164,0.4392220294912644,0.5279823451547692,0.4130943051256647,0.5298507744625744,0.5576470378961939,0.20113855634809452,0.5279823451547692,0.26032928,0.1706333864699746,1
0.7549407114624506,0.6291666666666668,0.0,0.0,0.0,0.08174904296288774,0.002214637441434988,0.33416145998997143,0.15838525944153606,0.2819519738792246,0.25121557983156867,0.32768776415546563,0.26266560911408854,0.5317164274024001,0.4176470622491349,0.4250474540793363,0.3335787810487571,0.30781415,0.0789940260940053,1
0.4861660079051383,0.7916666666666667,0.0,0.0,0.0,0.06653994574881902,0.001976146151972173,0.04596273105821546,0.0009425452597258946,0.12470953910796403,0.10210697003328177,0.09867452136469425,0.1738113827338618,0.6380597028082535,0.03647059390311415,0.9316888050725709,0.16421208347413782,0.43971756,0.8765267355145854,1
0.6363636363636364,0.3458333333333333,0.0,0.0,0.0,0.3288973825774571,0.039590822354410284,0.012422364048300367,0.00018166829054144242,0.10715207923011866,0.07779578912314254,0.15758469029760908,0.081839438602044,0.5970149351470259,0.3988235200069204,0.3889943253207263,0.15758469029760908,0.59959364,0.15132973528517796,1
0.5770750988142292,0.09583333333333333,0.0,0.0,0.0,0.15779467960357976,0.00418956832907406,0.01739132165271294,0.0005621768017911167,0.3317841667477666,0.29983791977178215,0.3976435905917261,0.29228371029512984,0.507462687319002,0.5258823322006921,0.2751423110046125,0.3976435905917261,0.3175422,0.15466739683031855,1
0.9841897233201581,0.6875,0.0,0.0,0.49999999999999994,0.05513311257210737,0.0010717154184090969,0.07701861881871933,0.0012228763672258623,0.3741286033812116,0.34359804978604574,0.4484536270364239,0.32424003665658496,0.5037313646483065,0.5764705907266435,0.19734345960270627,0.4484536270364239,0.3181372,0.16652243864027383,1
0.8418972332015809,0.4583333333333333,0.0,0.0,0.0,0.009505704580086502,6.348876858592117e-05,0.002484471870529697,5.343182261018792e-05,0.008004131773946764,0.0,0.022091310367516125,0.000779423194717905,0.7761194072956114,0.20117647258131485,0.5256167117600251,0.022091310367516125,1.0,0.15302884311506676,1
0.7707509881422925,0.35,0.0,0.0,0.0,0.058935356077144174,0.0011332012192170682,0.029813666471200838,0.000912417494978877,0.053188744018241495,0.04943273889329611,0.07142857237534188,0.037412314889717385,0.7910447785754064,0.23176471628373696,0.46110058283794636,0.07142857237534188,0.51256585,0.21738989270069414,1
0.05138339920948617,0.35,0.0,0.0,0.0,0.04562738061559386,0.000705044899842536,0.024844720941321674,0.00044768080040978527,0.015750064624324236,0.004862236911363346,0.02577319509739915,0.015588464595838982,0.7537313486968142,0.1835294177439446,0.5768501094925989,0.02577319509739915,0.8740741,0.08250460346414185,1
0.011857707509881422,0.8208333333333334,0.0,0.33333332333333354,0.0,0.0798479109442092,0.0017785635519115106,0.0546583807044484,0.0012228770164223158,0.1030209187612988,0.08833063199619637,0.0810014706848198,0.14029617645218467,0.6996268710911393,0.05058824264359858,0.846299828491083,0.13254786353057538,0.42939755,0.8657194293005529,1
0.4861660079051383,0.375,0.0,0.0,0.49999999999999994,0.11596957671355644,0.028207674678618448,0.1440993756460015,0.04291641842010717,0.07100439027124371,0.042139383890918834,0.10309277906411796,0.06469212424966098,0.6119403097850298,0.30235293351557097,0.5294117811809353,0.10309277906411796,0.70008737,0.10007886136775912,1
0.06719367588932805,0.24583333333333335,0.0,0.0,0.49999999999999994,0.32319391465830066,0.005947147900049047,0.2223602246981227,0.00501234008186144,0.14665634304124997,0.11831443126672958,0.17673048028917168,0.14185501428355368,0.5914179091633716,0.31058825111418675,0.5370019131916365,0.17673048028917168,0.41583549999999997,0.08897128598422382,1
0.8735177865612648,0.11249999999999999,0.0,0.33333332333333354,0.0,0.01901142284838651,0.000407058455303441,0.0472049568195679,0.0004966567939899693,0.7911180105691096,0.7325769589349834,0.871133984748645,0.7614965000312861,0.17723884271622214,0.7023529546920415,0.3263757242779832,0.871133984748645,0.23576024,0.11317980366667163,1
0.011857707509881422,0.31666666666666665,0.0,0.33333332333333354,0.0,0.09505703553470492,0.0031221506024290773,0.06086955646772941,0.0031551485143964534,0.12083656919710517,0.1329011266847741,0.13917525670710415,0.08963366984774217,0.8787313449188293,0.24823529853979234,0.3453510543047359,0.13991162636294827,0.39173108,0.28972667632029414,2
0.7035573122529644,0.375,0.0,0.0,0.0,0.015209242651337145,0.0003884037041160071,0.013664558058101984,0.0002377738533465166,0.940614498547312,0.9222041889967924,0.9756996025353489,0.9197193711700896,0.4067164211057584,0.5223529557508649,0.38330171435824134,0.9756996025353489,0.14110672,0.12010775174088872,1
0.8735177865612648,0.3416666666666667,0.0,0.0,0.0,0.0589353663433043,6.348838541263326e-05,0.0037267083648007226,2.4044331529762792e-05,0.017041053665098487,0.007293355002377269,0.03608247565476822,0.0062353856980394175,0.7611940309785029,0.22705882807612454,0.4990512514303511,0.03608247565476822,0.8783950999999999,0.16269272245138228,1
0.6324110671936759,0.6875,0.0,0.0,0.0,0.013307988465353129,0.00015311995824621183,0.026086953410748237,0.000280516933416763,0.09062742341215875,0.07374392199144182,0.07805596555187065,0.12003116539263708,0.6884328359148753,0.09294118145328717,0.7893738213330261,0.11340205365683317,0.40773422,0.9039960763216874,1
0.15019762845849802,0.20416666666666666,0.0,0.33333332333333354,0.0,0.05323195317700184,0.0011502672532848037,0.054658394120596636,0.0013999128171521757,0.15775885074388382,0.15559157824628508,0.19882179529586305,0.1161340532771924,0.7686567216557139,0.3658823449065744,0.26755221998062845,0.19882179529586305,0.44663557,0.22408319567918605,2
0.23320158102766797,0.7708333333333334,0.0,0.0,0.0,0.04942966860732454,0.00105578640065567,0.09937886587708906,0.0014399838190465044,0.35657114350336616,0.3306320837166295,0.41973489234363104,0.3141075662008553,0.5410447760567498,0.5188235475363321,0.2523719525436665,0.41973489234363104,0.29768870000000003,0.16534666139413295,1
0.7272727272727273,0.1,0.0,0.0,0.0,0.04752844761525827,0.001050421974625055,0.02608692657845176,0.0005840346332496567,0.7606507090829033,0.7034035389254744,0.8313696256894725,0.7396725880070898,0.1958955400249216,0.6505882373494809,0.3908918566156217,0.8313696256894725,0.23116584,0.10475205423580386,1
0.08300395256916995,0.4375,0.0,0.0,0.0,0.013307980594630368,0.00010830434324905135,0.007453413822769327,9.617726864084252e-05,0.03924606349329399,0.04943273889329611,0.04639175223570138,0.0218238502938784,0.89179104478865,0.17529412132179928,0.4497153899452343,0.04860088439910984,0.57539684,0.3264502034740803,2
0.8537549407114624,0.049999999999999996,0.0,0.0,0.0,0.03612164523702698,0.0006167232956452155,0.02608692657845176,0.00039508866717103937,0.8675445350129987,0.8160453591251651,0.9388807220995526,0.8402182278965479,0.20149253242648713,0.6788235454186851,0.33965846042004977,0.9388807220995526,0.2101616,0.11308773858081933,1
0.8537549407114624,0.4958333333333333,0.0,0.0,0.0,0.0798479109442092,0.002554488552395519,0.03229814035415277,0.00034196373840292597,0.14898012080496115,0.11507293610269802,0.2113402119930765,0.1153546378689123,0.5522387944419695,0.465882350200692,0.3263757242779832,0.2113402119930765,0.50544137,0.15264461743674773,1
0.683794466403162,0.425,0.0,0.0,0.0,0.08555131042229815,0.0010195535345517437,0.022360240350295626,0.0006732403933235138,0.2215337101946928,0.17828201522108603,0.2901325604555776,0.1901792536187294,0.46455224992690436,0.5129411793356401,0.33965846042004977,0.2901325604555776,0.44150649999999997,0.1352054689078459,1
0.383399209486166,0.5541666666666667,0.0,0.0,0.0,0.0076045626374531905,2.9877078009241335e-05,0.007453415835191562,6.411816608461675e-05,0.00697134026247375,0.0,0.019882179529586305,0.0,0.783582092935509,0.1952941223806228,0.5275142464704802,0.019882179529586305,1.0,0.15944851939146043,1
0.9960474308300394,0.26666666666666666,0.0,0.0,0.0,0.022813732741258783,0.0002688925001290689,0.01987575662883499,0.00027784673791056034,0.6173509408939098,0.5251215601711634,0.7680412056845273,0.54559625734696,0.0,1.0,0.026565506439730657,0.7680412056845273,0.37868166,0.13634756953797306,1
0.7075098814229249,0.4666666666666666,0.0,0.33333332333333354,0.0,0.05893533554482392,0.0021250048400836366,0.024844723177346387,0.00037402250193433714,0.4007229558705796,0.38330633454867363,0.4543446505571086,0.3600935102075289,0.5858208999707617,0.4835293912733565,0.26375712323524014,0.4543446505571086,0.2511938,0.17168578911437798,1
0.38735177865612647,0.6208333333333333,0.0,0.0,0.0,0.06844106750133742,0.0008503162187975941,0.06832296470043697,0.0017030209100893962,0.19545572487856622,0.1539708197242368,0.196612659818758,0.23382697945979794,0.4850746169664738,0.1835294177439446,0.8500948910808739,0.22091312355734072,0.36751375,0.9856673094490691,1
0.8932806324110671,0.8791666666666667,0.0,0.0,0.0,0.07224334522690798,0.0026291804205710017,0.05838509600092571,0.0052389865378376956,0.06506584012597491,0.062398699857363855,0.050810013248821694,0.08261886102513293,0.7947761230744597,0.07882353483044979,0.703984836212639,0.07805596555187065,0.37369296,0.8308722738791927,1
0.6324110671936759,0.5958333333333333,0.0,0.0,0.0,0.0,0.0,0.0,1.1465222690121341e-11,0.0,0.0,0.0,0.0,0.8339552260421307,0.13176471098961934,0.5787476426660522,0.0,0.0,0.5110544163583071,1
0.9486166007905138,0.5166666666666667,0.0,0.0,0.0,0.00760456400627454,2.9877056833875427e-05,0.003726707917595781,5.610341028211861e-05,0.0010327911629060005,0.0,0.0029455081152760815,0.0,0.8264925395626809,0.1411764757577854,0.5711575098014612,0.0029455081152760815,0.33333334,0.15944851939146043,1
0.6403162055335968,0.6916666666666668,0.0,0.33333332333333354,0.0,0.039923977715451545,0.0007058455303440977,0.05590061764592437,0.0005690492675805488,0.17092693170958737,0.1547811916919059,0.14212076846744648,0.21667965809260614,0.6679104520842614,0.034117655093425556,0.9051233327884378,0.20471281881654774,0.3211389,0.8678680343357106,1
0.3992094861660079,0.07916666666666666,0.0,0.0,0.0,0.032319465382182964,0.0008871629285087381,0.013664586232013276,0.0005570122997378398,0.8742577265455532,0.839546226414475,0.9344624378905564,0.8425565091954321,0.3152985035468646,0.6270588492525949,0.3074003942512305,0.9344624378905564,0.18356538,0.12560509836434214,1
0.9446640316205533,0.21666666666666667,0.0,0.0,0.0,0.019011410528994358,0.0005488768787591317,0.008695657695921882,0.00028108891877203857,0.06248386483296251,0.04619124956394854,0.09278350447140277,0.04598596715554272,0.7014925408220093,0.29176470887197226,0.45540798382992054,0.09278350447140277,0.54770046,0.15484158853907193,1
0.023715415019762848,0.09583333333333333,0.0,0.0,0.0,0.06844106750133742,0.0037196935138039187,0.033540370587554616,0.001466702725349261,0.14175058998452642,0.1329011266847741,0.18483063928696145,0.10444270991604956,0.7276119422407551,0.37176470251903115,0.2998102519938502,0.18483063928696145,0.4663447,0.2049853982658557,2
0.2608695652173913,0.25,0.0,0.0,0.0,0.057034220636412274,0.0008963140141394978,0.03354034151923344,0.0002163977184431616,0.8781306546283705,0.8427877215785068,0.9337260682347123,0.8519095291688376,0.30970152793634353,0.6058823787889271,0.3472486026774301,0.9337260682347123,0.17967218,0.11825714950277039,1
0.2885375494071146,0.8500000000000001,0.0,0.0,0.0,0.015209130407986443,7.469264964731925e-05,0.011180124870799696,8.816245513199297e-05,0.04828298468731169,0.03727714697955549,0.029455082478239452,0.07872174189487943,0.7425373135205502,0.05294117933564012,0.7988614948853019,0.07437407750829103,0.6037037,0.8453287923063537,1
0.37549407114624506,0.008333333333333338,0.0,0.0,0.0,0.02851702476687176,0.0004817694821433181,0.012422397365068486,0.00014960790401889756,0.9186676737000055,0.8905997114311158,0.9594992050110515,0.9010131909271022,0.34701493934478694,0.5447058850311418,0.407969655347479,0.9594992050110515,0.1565683,0.11045193061777703,1
0.11462450592885375,0.37916666666666665,0.0,0.0,0.0,0.04182507893564969,0.00011950816885115775,0.02981365529107731,0.0005770633813998874,0.14123419492592396,0.14829822324390782,0.16568482941321921,0.10833982904630307,0.8376865691979003,0.2823529430449827,0.33206831816266935,0.16568482941321921,0.38105944,0.249985566564996,2
0.5849802371541502,0.44166666666666665,0.0,0.6666666466666671,0.0,0.02851710005204601,0.00025768968287772016,0.022360240350295626,0.00032059092161477765,0.14794732371641592,0.1539708197242368,0.17452135806685307,0.11379579302273442,0.8283582111405657,0.2941176476816608,0.32258066168819244,0.17452135806685307,0.38262922,0.24673213013577833,2
0.14624505928853754,0.9583333333333334,0.0,0.0,0.0,0.07034222347438958,0.0005789281513784558,0.0347826142371047,0.0010276425800439311,0.09992254143834364,0.07941653305848083,0.09278350447140277,0.1270459742152463,0.6604477731607816,0.12117647575778542,0.7722960226011688,0.12002944683336195,0.3999011,0.9381635550352039,1
0.02766798418972332,0.7833333333333333,0.0,0.0,0.0,0.05703423774667915,0.0007953978972256641,0.031055907884726217,0.0005138212091950498,0.10457010393710625,0.09724473093391191,0.07805596555187065,0.13951676104390456,0.750000004197761,0.029411766885813137,0.8292220297592258,0.13181149387473126,0.40888458,0.8309155531992742,1
0.08695652173913042,0.49166666666666664,0.0,0.0,0.0,0.017110266875334356,7.842729851538502e-05,0.008695651211450234,0.00010953522142708384,0.003614768895887495,0.0,0.010309278569151115,0.0,0.8078358229442804,0.16470588820761242,0.5521821772130386,0.010309278569151115,0.7777778000000001,0.15944851939146043,1
0.31620553359683795,0.6125,0.0,0.0,0.0,0.09695817781954356,0.0011540017811507784,0.03229814035415277,0.0012716768974312597,0.14665634304124997,0.12236629839843031,0.19219440211933428,0.1215900242684326,0.6194029887085096,0.38470589773702407,0.3889943253207263,0.19219440211933428,0.41915956,0.15133896865447394,1
0.7351778656126482,0.5125000000000001,0.0,0.33333332333333354,0.0,0.10266159440789938,0.0020615184713725187,0.024844729885420504,0.00027784499950672377,0.18616059988104108,0.14829822324390782,0.2481590460371204,0.15666406838147875,0.5130597300937005,0.4729411560415226,0.35483872785701165,0.2481590460371204,0.45775157,0.1389563489108947,1
0.16205533596837943,0.5166666666666667,0.0,0.0,0.0,0.013307986754326442,0.0001531199380791967,0.00993788770572126,0.00011754997001628805,0.016782856832931275,0.009724473822726691,0.033873342165881136,0.0054559625734696,0.7798507484364557,0.2176470622491349,0.49525618030166096,0.033873342165881136,0.84973544,0.1799648645116374,1
0.6403162055335968,0.2375,0.0,0.0,0.0,0.06273766802324847,0.002229574443713054,0.0347826142371047,0.0006946134337237739,0.39581722372787687,0.37925446012361796,0.45213547531564446,0.35151985653874174,0.593283595685286,0.4952941064982699,0.23719166802890584,0.45213547531564446,0.26505277,0.17792993064648438,1
0.003952569169960474,0.6666666666666667,0.0,0.0,0.0,0.0665399354826589,0.0012288578088296032,0.0819875732926973,0.002255555618289453,0.3191324808406656,0.29902755509746803,0.3733431401079297,0.28059235290436935,0.593283595685286,0.46705881960553625,0.28273245326199287,0.3733431401079297,0.28798285,0.16976751467329265,1
0.41897233201581024,0.8291666666666667,0.0,0.0,0.0,0.032319394887883435,0.0006012758258796047,0.04099379000038571,0.0004728710654634245,0.10534469652500997,0.08184764896148825,0.09425625703787734,0.13951676104390456,0.6380597028082535,0.10352941668512107,0.8235294187967408,0.13181149387473126,0.43576914,0.9243063326391798,1
0.02766798418972332,0.37916666666666665,0.0,0.0,0.0,0.06463878977576687,0.0018673156613812953,0.04347825493923882,0.0023536699766961286,0.12496772966592502,0.13533224988113654,0.1450662802277888,0.09353078196318682,0.8656716416907997,0.257647064366782,0.34345352300984056,0.1450662802277888,0.39032918,0.26812663582777274,2
0.7351778656126482,0.10416666666666666,0.0,0.0,0.0,0.013307983674478404,0.0002530197080138878,0.011180121293160167,0.00020116925755540277,0.05241415003606972,0.03484602888854157,0.086156111294874,0.03351519716242565,0.6958955316293994,0.30588236290657433,0.43833019022140285,0.086156111294874,0.6486569000000001,0.15896208870900785,1
0.8537549407114624,0.14166666666666666,0.0,0.33333332333333354,0.0,0.030418223857796436,0.00020913965093316816,0.03478264554145059,0.0005984352171800616,0.8471469511122216,0.8103728064049659,0.9101620404259053,0.8144972739049952,0.30970152793634353,0.634117633916955,0.3017078174443431,0.9101620404259053,0.19091243,0.1261625924144849,1
0.41897233201581024,0.041666666666666664,0.0,0.0,0.0,0.022813514414253454,0.0005207101431212732,0.026086953410748237,0.0002944815097957198,0.8838110421010393,0.844408450927135,0.9403534614112411,0.8604831968672423,0.27985076186929125,0.6117646940484429,0.3681214639990782,0.9403534614112411,0.18402189,0.11311772184911484,1
0.01976284584980237,0.32916666666666666,0.0,0.0,0.0,0.0665399354826589,0.0006012757250445287,0.029813668707225544,0.0013144235264421185,0.12625871034109096,0.13695300840318486,0.146539019539477,0.0943102114010846,0.8675373147798785,0.25882353377162626,0.33965846042004977,0.146539019539477,0.38846022,0.27167768893131383,2
0.09486166007905138,0.6000000000000001,0.0,0.0,0.0,0.1958175253003528,0.1005848736899507,0.40248444705065545,0.10941764049560193,0.09992254143834364,0.09481361503090449,0.1237113481317279,0.07950116431796837,0.7667910485666349,0.2694117690034602,0.4250474540793363,0.14212076846744648,0.64629805,0.2093020487755251,1
0.391304347826087,0.43333333333333335,0.0,0.33333332333333354,0.0,0.026615973166447548,0.00016432391493391673,0.016149069059064033,0.00023777155230575374,0.019106636688044513,0.002431118382748123,0.04123711361386514,0.011691347570028135,0.71268657096096,0.24235295151557085,0.5237191787573499,0.04123711361386514,0.9543651,0.12126096599005931,1
0.11067193675889327,0.37083333333333335,0.0,0.0,0.0,0.07604564348479878,0.00137434618536875,0.05962733741445109,0.002628845093829654,0.14381617021893633,0.1523500903756085,0.16936671082940566,0.10833982904630307,0.8470149275910558,0.2882353006574394,0.31309300521371547,0.16936671082940566,0.39433068,0.25592769298140533,2
