attr1,attr2,attr3,attr4,attr5,attr6,attr7,attr8,attr9,attr10,attr11,attr12,attr13,attr14,class
1.0,0.3784962406015038,0.0625,0.5,0.23076923076923078,0.375,0.017543859649122806,0.0,0.0,0.0,1.0,0.5,0.15,2.0000000000000005e-05,0
0.0,0.3458646616541353,0.18303571428571427,0.5,0.6923076923076923,0.375,0.17543859649122806,1.0,0.0,0.0,1.0,0.5,0.0,0.04,1
1.0,0.5263157894736842,0.30357142857142855,0.5,0.5384615384615385,0.875,0.43859649122807015,1.0,1.0,0.13432835820895522,0.0,0.5,0.0905,0.016550000000000002,1
1.0,0.19924812030075187,0.026785714285714284,0.5,0.5384615384615385,0.875,0.14912280701754385,1.0,1.0,0.04477611940298507,1.0,0.5,0.156,0.0015,1
1.0,0.4034586466165413,0.1175,0.5,0.4615384615384616,0.375,0.12280701754385964,0.0,0.0,0.0,1.0,0.0,0.2,0.0,0
1.0,0.03879699248120297,0.14589285714285713,0.5,0.15384615384615385,0.875,0.014561403508771928,0.0,0.0,0.0,1.0,0.5,0.06,0.0,0
1.0,0.21172932330827063,0.05357142857142857,0.5,0.6153846153846154,0.375,0.07017543859649122,1.0,1.0,0.16417910447761194,1.0,0.5,0.217,0.00035,1
1.0,0.1266165413533835,0.43303571428571425,0.5,0.5384615384615385,0.375,0.11701754385964912,0.0,1.0,0.029850746268656716,1.0,0.5,0.09,0.0017300000000000002,0
1.0,0.2857142857142857,0.05357142857142857,0.5,0.9230769230769231,0.875,0.19298245614035087,1.0,1.0,0.04477611940298507,1.0,0.5,0.0,0.0,1
0.0,0.13533834586466162,0.22017857142857142,0.5,0.38461538461538464,0.375,0.005789473684210527,0.0,0.0,0.0,0.0,0.5,0.11,0.010000000000000002,0
1.0,0.1215037593984962,0.39285714285714285,0.5,1.0000000000000002,0.375,0.010175438596491226,1.0,1.0,0.08955223880597014,0.0,0.5,0.0605,0.0,1
1.0,0.2718796992481203,0.0014285714285714286,0.0,0.4615384615384616,0.375,0.0014035087719298245,0.0,0.0,0.0,0.0,0.5,0.0,0.0,0
1.0,0.2845112781954887,0.3214285714285714,0.0,0.6153846153846154,0.875,0.18421052631578946,1.0,0.0,0.0,1.0,0.5,0.077,0.0,1
0.0,0.4072180451127819,0.3571428571428571,0.5,0.7692307692307694,0.875,0.06140350877192982,1.0,0.0,0.0,0.0,0.5,0.0145,0.00837,1
1.0,0.32827067669172927,0.026785714285714284,0.5,0.23076923076923078,0.375,0.05263157894736842,0.0,0.0,0.0,1.0,0.5,0.1155,0.0,0
1.0,0.2593984962406015,0.0744642857142857,0.5,0.5384615384615385,0.375,0.0029824561403508773,0.0,0.0,0.0,0.0,0.5,0.15,0.0,0
1.0,0.4123308270676692,0.047678571428571424,0.5,0.07692307692307693,0.375,0.005789473684210527,0.0,0.0,0.0,0.0,0.5,0.084,0.0,0
1.0,0.5100751879699248,0.010357142857142856,0.5,0.5384615384615385,0.5,0.5263157894736842,1.0,1.0,0.29850746268656714,0.0,0.5,0.0,0.15,1
1.0,0.31954887218045114,0.12053571428571427,0.5,0.5384615384615385,0.875,0.29087719298245607,0.0,0.0,0.0,1.0,0.5,0.0,0.0,0
1.0,0.1215037593984962,0.055,0.5,0.23076923076923078,0.375,0.0029824561403508773,0.0,0.0,0.0,1.0,0.5,0.178,0.0,0
1.0,0.3884210526315789,0.49696428571428564,0.5,0.6153846153846154,0.375,0.3026315789473684,1.0,1.0,0.08955223880597014,1.0,0.5,0.035,0.0,1
1.0,0.113984962406015,0.26785714285714285,0.5,0.38461538461538464,0.375,0.04964912280701754,1.0,1.0,0.014925373134328358,0.0,0.5,0.04,0.09800000000000002,1
1.0,0.2281203007518797,0.5357142857142857,0.5,0.5384615384615385,0.875,0.18719298245614033,1.0,1.0,0.16417910447761194,0.0,0.5,0.0,0.022830000000000003,1
0.0,0.031278195488721794,0.02089285714285714,0.5,0.5384615384615385,0.875,0.05263157894736842,1.0,1.0,0.029850746268656716,0.0,0.5,0.05,0.0,1
1.0,0.24180451127819544,0.07285714285714286,0.0,1.0000000000000002,0.875,0.0014035087719298245,0.0,0.0,0.0,0.0,0.5,0.064,1e-05,0
1.0,0.14030075187969923,0.08928571428571427,0.5,0.5384615384615385,0.375,0.03807017543859649,1.0,1.0,0.16417910447761194,1.0,0.5,0.03,0.021840000000000002,1
0.0,0.2481203007518797,0.19642857142857142,0.5,0.23076923076923078,0.375,0.19298245614035087,0.0,0.0,0.0,1.0,0.0,0.05,0.0,0
1.0,0.7568421052631579,0.7142857142857142,0.5,1.0000000000000002,0.875,0.6140350877192982,1.0,1.0,0.13432835820895522,1.0,0.5,0.0,0.010000000000000002,1
0.0,0.5112781954887218,0.2857142857142857,0.5,0.5384615384615385,0.375,0.2763157894736842,1.0,1.0,0.08955223880597014,1.0,0.5,0.0,0.012600000000000002,1
1.0,0.057593984962406,0.3571428571428571,0.5,0.6153846153846154,0.875,0.005789473684210527,0.0,1.0,0.014925373134328358,0.0,0.5,0.06,1e-05,0
0.0,0.16165413533834586,0.037142857142857144,0.0,0.0,0.0,0.017543859649122806,1.0,1.0,0.04477611940298507,0.0,0.5,0.09,0.0014700000000000002,0
1.0,0.19804511278195489,0.08035714285714285,0.5,0.15384615384615385,0.5,0.017543859649122806,0.0,0.0,0.0,1.0,0.5,0.32,0.04,0
0.0,0.5300751879699248,0.05357142857142857,0.5,0.3076923076923077,0.25,0.0,1.0,0.0,0.0,1.0,0.5,0.05,0.00027,0
0.0,0.10406015037593988,0.06553571428571428,0.5,0.7692307692307694,0.375,0.0731578947368421,1.0,1.0,0.07462686567164178,0.0,0.5,0.11,0.025030000000000004,1
1.0,0.29203007518797,0.03571428571428571,0.5,1.0000000000000002,0.375,0.02631578947368421,1.0,1.0,0.1044776119402985,1.0,0.5,0.17,0.04071,1
1.0,0.14285714285714288,0.14285714285714285,0.5,0.5384615384615385,0.5,0.008771929824561403,1.0,0.0,0.0,1.0,0.5,0.08,0.0,1
1.0,0.08526315789473685,0.05357142857142857,0.0,0.9230769230769231,0.375,0.07017543859649122,1.0,0.0,0.0,1.0,0.5,0.05,0.0002,0
1.0,0.3371428571428572,0.19642857142857142,0.5,0.15384615384615385,0.5,0.17543859649122806,0.0,0.0,0.0,0.0,0.5,0.105,0.006870000000000001,0
0.0,0.17037593984962404,0.0907142857142857,0.0,0.38461538461538464,0.375,0.008771929824561403,1.0,0.0,0.0,1.0,0.5,0.185,0.0,1
1.0,0.22556390977443605,0.041607142857142856,0.5,0.23076923076923078,0.375,0.017543859649122806,1.0,0.0,0.0,0.0,0.0,0.14,0.0,0
0.0,0.13037593984962406,0.20232142857142857,0.5,0.7692307692307694,0.375,0.09070175438596491,1.0,1.0,0.1044776119402985,0.0,0.5,0.0645,0.03257,1
1.0,0.29203007518797,0.037142857142857144,0.5,0.8461538461538463,0.875,0.22807017543859648,1.0,0.0,0.0,1.0,0.5,0.082,0.31285,1
1.0,0.5225563909774437,0.15178571428571427,0.5,0.4615384615384616,0.375,0.0043859649122807015,1.0,0.0,0.0,1.0,0.5,0.1125,0.0,1
0.0,0.07774436090225564,0.33035714285714285,0.0,0.5384615384615385,0.375,0.03508771929824561,1.0,1.0,0.05970149253731343,1.0,0.5,0.04,0.005000000000000001,1
0.0,0.29323308270676696,0.08928571428571427,0.0,0.5384615384615385,0.375,0.08771929824561403,0.0,0.0,0.0,1.0,0.5,0.0,2.0000000000000005e-05,0
1.0,0.3583458646616541,0.0,0.5,0.5384615384615385,0.375,0.0,0.0,0.0,0.0,0.0,1.0,0.092,0.0,1
0.0,0.22436090225563912,0.037142857142857144,0.5,0.5384615384615385,0.375,0.08771929824561403,1.0,1.0,0.07462686567164178,1.0,0.5,0.15,0.014300000000000002,1
1.0,0.2431578947368421,0.06553571428571428,0.5,0.5384615384615385,0.875,0.15210526315789472,1.0,0.0,0.0,0.0,0.5,0.13,0.002,1
0.0,0.06766917293233085,0.3571428571428571,0.5,0.6153846153846154,0.375,0.03508771929824561,0.0,1.0,0.014925373134328358,0.0,0.5,0.06,1e-05,0
0.0,0.08766917293233081,0.02375,0.0,0.5384615384615385,0.375,0.03508771929824561,0.0,1.0,0.014925373134328358,0.0,0.5,1.0,2.0000000000000005e-05,0
1.0,0.06887218045112778,0.04321428571428571,0.0,0.6923076923076923,0.125,0.0,0.0,0.0,0.0,0.0,0.5,0.05,0.0,0
1.0,0.2356390977443609,0.04464285714285714,0.5,0.6153846153846154,0.375,0.06140350877192982,0.0,0.0,0.0,0.0,0.5,0.1,0.0,0
1.0,0.5651127819548872,0.3571428571428571,0.5,0.15384615384615385,0.5,0.0,1.0,1.0,0.16417910447761194,0.0,0.5,0.0,0.012490000000000001,1
1.0,0.14781954887218043,0.029821428571428568,0.5,0.15384615384615385,0.875,0.0029824561403508773,0.0,0.0,0.0,1.0,0.5,0.11,5.000000000000001e-05,0
1.0,0.17037593984962404,0.06107142857142857,0.5,1.0000000000000002,0.375,0.05842105263157894,1.0,1.0,0.014925373134328358,1.0,0.5,0.1975,0.0002,1
1.0,0.19548872180451124,0.040178571428571425,0.5,1.0000000000000002,0.875,0.043859649122807015,1.0,0.0,0.0,0.0,0.5,0.0,0.05298,1
1.0,0.39473684210526316,0.23214285714285712,0.5,0.38461538461538464,0.5,0.12280701754385964,1.0,1.0,0.014925373134328358,0.0,0.5,0.0,0.005000000000000001,1
1.0,0.16917293233082706,0.42857142857142855,0.5,0.23076923076923078,0.375,0.07894736842105263,1.0,1.0,0.029850746268656716,1.0,0.5,0.06,5.000000000000001e-05,0
1.0,0.10406015037593988,0.18892857142857142,0.5,0.7692307692307694,0.375,0.013157894736842105,1.0,1.0,0.014925373134328358,0.0,0.5,0.08,0.0,0
1.0,0.5827067669172933,0.23214285714285712,0.5,0.23076923076923078,0.375,0.2207017543859649,1.0,1.0,0.22388059701492538,0.0,0.5,0.0,0.11202000000000001,1
1.0,0.3822556390977444,0.05803571428571428,0.5,0.5384615384615385,0.375,0.05263157894736842,1.0,1.0,0.14925373134328357,0.0,0.5,0.093,0.047,1
0.0,0.10030075187969925,0.26785714285714285,0.5,0.23076923076923078,0.375,0.05263157894736842,1.0,1.0,0.014925373134328358,0.0,0.5,0.08,0.00234,1
1.0,0.07639097744360898,0.0,0.5,0.7692307692307694,0.375,0.023333333333333334,0.0,0.0,0.0,0.0,0.5,0.08,1e-05,0
0.0,0.03263157894736843,0.10267857142857142,0.5,0.7692307692307694,0.375,0.0029824561403508773,0.0,0.0,0.0,0.0,0.5,0.06,0.0,0
0.0,0.0902255639097744,0.026785714285714284,0.5,0.5384615384615385,0.375,0.027894736842105264,1.0,1.0,0.07462686567164178,1.0,0.5,0.07,5.000000000000001e-05,0
0.0,0.4184962406015037,0.037142857142857144,0.5,0.38461538461538464,0.375,0.023333333333333334,0.0,0.0,0.0,0.0,0.5,0.12,0.00237,0
1.0,0.3070676691729324,0.32749999999999996,0.5,0.5384615384615385,0.375,0.15789473684210525,1.0,1.0,0.1791044776119403,1.0,0.5,0.0,0.00221,1
0.0,0.5037593984962406,0.026785714285714284,0.5,0.7692307692307694,0.875,0.09649122807017543,1.0,1.0,0.014925373134328358,0.0,0.5,0.1665,0.00892,1
1.0,0.08526315789473685,0.23214285714285712,0.5,0.6153846153846154,0.875,0.051228070175438595,1.0,1.0,0.1044776119402985,0.0,0.5,0.04,0.029540000000000004,1
1.0,0.07639097744360898,0.01482142857142857,0.0,0.5384615384615385,0.375,0.005789473684210527,0.0,1.0,0.014925373134328358,0.0,0.5,0.1,1e-05,0
1.0,0.2180451127819549,0.03125,0.5,0.4615384615384616,0.375,0.03368421052631579,1.0,1.0,0.04477611940298507,1.0,0.5,0.198,0.0,1
1.0,0.3221052631578948,0.1607142857142857,0.5,1.0000000000000002,0.875,0.20175438596491227,0.0,0.0,0.0,1.0,0.0,0.3555,0.0,1
1.0,0.23939849624060153,0.026785714285714284,0.0,0.5384615384615385,0.375,0.0014035087719298245,0.0,0.0,0.0,0.0,0.5,0.12,0.0,0
1.0,0.12526315789473683,0.02964285714285714,0.5,0.5384615384615385,0.875,0.07596491228070175,0.0,0.0,0.0,1.0,0.5,0.064,0.0,1
1.0,0.1440601503759398,0.05357142857142857,0.5,0.5384615384615385,0.875,0.04964912280701754,1.0,0.0,0.0,0.0,0.5,0.211,0.002,1
1.0,0.15293233082706767,0.02375,0.5,0.5384615384615385,0.375,0.005789473684210527,0.0,0.0,0.0,0.0,0.5,0.05,0.0,1
0.0,0.08766917293233081,0.02375,0.5,0.6153846153846154,0.375,0.05842105263157894,0.0,0.0,0.0,0.0,0.5,0.11,5.000000000000001e-05,0
1.0,0.055187969924812036,0.23214285714285712,0.5,0.15384615384615385,0.375,0.0043859649122807015,0.0,0.0,0.0,0.0,0.5,0.03,0.001,0
1.0,0.14661654135338345,0.11303571428571428,0.0,0.23076923076923078,0.375,0.014561403508771928,0.0,1.0,0.014925373134328358,1.0,0.5,0.14,0.0008,0
1.0,0.09654135338345868,0.33035714285714285,0.5,0.5384615384615385,0.375,0.05842105263157894,1.0,1.0,0.04477611940298507,1.0,0.5,0.02,0.00028,1
1.0,0.03759398496240601,0.0,0.0,0.38461538461538464,0.375,0.008771929824561403,0.0,0.0,0.0,0.0,0.5,0.03,0.0,0
1.0,0.2894736842105263,0.08928571428571427,0.0,0.6153846153846154,0.375,0.24561403508771928,0.0,0.0,0.0,1.0,0.5,0.14,0.0,0
1.0,0.27819548872180455,0.005892857142857142,0.0,0.5384615384615385,0.875,0.11403508771929824,1.0,1.0,0.014925373134328358,1.0,0.5,0.216,0.08000000000000002,1
0.0,0.22300751879699246,0.13392857142857142,0.5,0.5384615384615385,0.375,0.008771929824561403,0.0,1.0,0.014925373134328358,1.0,0.5,0.02,0.0015400000000000001,0
1.0,0.3872180451127819,0.15178571428571427,0.5,0.5384615384615385,0.5,0.22807017543859648,1.0,1.0,0.23880597014925373,0.0,0.5,0.0585,0.012100000000000001,1
0.0,0.10646616541353379,0.017857142857142856,0.0,0.6923076923076923,0.125,0.03508771929824561,0.0,0.0,0.0,0.0,0.5,0.13,0.0,0
1.0,0.03639097744360906,0.0014285714285714286,0.5,0.5384615384615385,0.375,0.0014035087719298245,0.0,0.0,0.0,0.0,0.5,0.0,0.0,1
1.0,0.16285714285714284,0.04464285714285714,0.5,0.5384615384615385,0.375,0.008771929824561403,0.0,0.0,0.0,0.0,0.5,0.055,0.0,0
1.0,0.2679699248120301,0.0014285714285714286,0.0,0.07692307692307693,0.375,0.14912280701754385,0.0,0.0,0.0,1.0,0.5,0.23,0.0,0
0.0,0.13157894736842105,0.01482142857142857,0.5,0.15384615384615385,0.375,0.011754385964912281,0.0,0.0,0.0,1.0,0.0,0.07200000000000001,0.0,0
0.0,0.19172932330827067,0.09678571428571428,0.0,0.5384615384615385,0.375,0.0029824561403508773,0.0,0.0,0.0,0.0,0.0,0.04,0.0,0
1.0,0.4085714285714286,0.08035714285714285,0.0,1.0000000000000002,0.875,0.3508771929824561,1.0,0.0,0.0,1.0,0.5,0.088,0.0,0
1.0,0.2845112781954887,0.19642857142857142,0.5,0.7692307692307694,0.875,0.19298245614035087,1.0,1.0,0.1791044776119403,1.0,0.5,0.20400000000000001,0.010000000000000002,1
1.0,0.22556390977443605,0.05357142857142857,0.0,0.5384615384615385,0.375,0.05263157894736842,1.0,0.0,0.0,1.0,0.5,0.0,0.0022500000000000003,0
0.0,0.48240601503759395,0.375,0.5,0.7692307692307694,0.375,0.17543859649122806,1.0,1.0,0.1044776119402985,1.0,0.5,0.0,0.0,1
1.0,0.3070676691729324,0.1875,0.5,0.6153846153846154,0.375,0.0029824561403508773,0.0,0.0,0.0,1.0,0.5,0.145,6.000000000000001e-05,1
0.0,0.07022556390977444,0.33035714285714285,0.5,0.7692307692307694,0.375,0.04245614035087719,1.0,1.0,0.05970149253731343,0.0,0.5,0.03,0.005400000000000001,1
1.0,0.3157894736842105,0.5357142857142857,0.5,0.8461538461538463,0.75,0.18859649122807015,1.0,1.0,0.13432835820895522,1.0,0.5,0.0,0.00134,1
1.0,0.15533834586466164,0.3214285714285714,0.5,0.38461538461538464,0.375,0.008771929824561403,0.0,0.0,0.0,1.0,0.5,0.0,0.0,0
0.0,0.13909774436090225,0.06553571428571428,0.5,0.3076923076923077,0.25,0.0,0.0,1.0,0.014925373134328358,0.0,0.5,0.1,0.00053,0
0.0,0.5063157894736843,0.2857142857142857,0.5,0.6923076923076923,0.5,0.22807017543859648,1.0,1.0,0.08955223880597014,0.0,0.5,0.1875,0.5110000000000001,1
0.0,0.16165413533834586,0.0625,0.0,0.5384615384615385,0.375,0.005789473684210527,0.0,0.0,0.0,0.0,0.5,0.066,0.0,0
1.0,0.2694736842105263,0.02964285714285714,0.5,1.0000000000000002,0.375,0.04684210526315789,1.0,1.0,0.11940298507462686,1.0,0.5,0.1515,0.0329,1
1.0,0.4147368421052632,0.0,0.5,0.5384615384615385,0.5,0.5263157894736842,1.0,0.0,0.0,0.0,0.5,0.0,0.0,1
1.0,0.08390977443609018,0.38982142857142854,0.5,0.5384615384615385,0.5,0.02052631578947368,0.0,1.0,0.029850746268656716,1.0,0.5,0.1,7.000000000000001e-05,0
1.0,0.23804511278195487,0.1607142857142857,0.5,0.6153846153846154,0.375,0.2631578947368421,1.0,1.0,0.029850746268656716,1.0,0.5,0.165,0.0,1
1.0,0.19548872180451124,0.07142857142857142,0.5,0.07692307692307693,0.375,0.02631578947368421,0.0,0.0,0.0,1.0,0.5,0.04,0.0,0
1.0,0.310827067669173,0.047678571428571424,0.5,0.15384615384615385,0.5,0.0043859649122807015,0.0,0.0,0.0,1.0,0.5,0.22,0.045,0
1.0,0.1341353383458647,0.0907142857142857,0.0,0.5384615384615385,0.875,0.09070175438596491,1.0,0.0,0.0,0.0,0.5,0.0,0.0,1
1.0,0.16045112781954887,0.4405357142857143,0.5,0.7692307692307694,0.875,0.055614035087719296,1.0,0.0,0.0,1.0,0.5,0.06,0.0,1
0.0,0.2679699248120301,0.125,0.5,0.07692307692307693,0.375,0.10526315789473684,1.0,0.0,0.0,1.0,0.5,0.15,0.0,0
0.0,0.3458646616541353,0.1682142857142857,0.5,0.0,0.0,0.0,0.0,0.0,0.0,0.0,0.5,0.08,0.0,0
1.0,0.6466165413533834,0.4375,0.5,0.4615384615384616,0.375,0.043859649122807015,1.0,1.0,0.05970149253731343,1.0,0.5,0.1,0.0,1
1.0,0.7769924812030076,0.39285714285714285,0.5,0.6923076923076923,1.0,0.7017543859649122,1.0,1.0,0.1044776119402985,1.0,0.5,0.011,0.0,1
1.0,0.2180451127819549,0.18303571428571427,0.5,1.0000000000000002,0.375,0.16666666666666666,1.0,1.0,0.029850746268656716,0.0,0.5,0.21,7.000000000000001e-05,1
0.0,0.16541353383458643,0.4464285714285714,0.5,0.38461538461538464,0.375,0.05263157894736842,1.0,1.0,0.1791044776119403,1.0,0.5,0.06,0.0056700000000000006,1
1.0,0.3571428571428571,0.040178571428571425,0.0,0.07692307692307693,0.375,0.05263157894736842,0.0,0.0,0.0,1.0,0.5,0.2155,0.0,1
0.0,0.23684210526315788,0.016428571428571428,0.5,0.23076923076923078,0.375,0.018947368421052633,1.0,1.0,0.05970149253731343,0.0,0.5,0.19,0.005000000000000001,1
0.0,0.20932330827067672,0.07285714285714286,0.5,0.6153846153846154,0.375,0.008771929824561403,0.0,0.0,0.0,1.0,0.5,0.09,0.0005,0
1.0,0.10030075187969925,0.03875,0.5,0.7692307692307694,0.375,0.05263157894736842,0.0,0.0,0.0,0.0,0.5,0.054,7.000000000000001e-05,0
1.0,0.4548872180451128,0.07142857142857142,0.5,0.4615384615384616,0.375,0.06140350877192982,1.0,1.0,0.029850746268656716,1.0,0.5,0.0,0.00015000000000000001,1
1.0,0.6115789473684211,0.017857142857142856,0.0,0.23076923076923078,0.875,0.13894736842105262,1.0,0.0,0.0,0.0,0.5,0.09,0.0031400000000000004,1
0.0,0.12285714285714286,0.4166071428571428,0.5,0.23076923076923078,0.875,0.0029824561403508773,0.0,0.0,0.0,0.0,0.5,0.16,5.000000000000001e-05,0
0.0,0.08150375939849627,0.02089285714285714,0.0,0.38461538461538464,0.375,0.02052631578947368,1.0,0.0,0.0,1.0,0.5,0.08,0.0,0
1.0,0.14030075187969923,0.08928571428571427,0.5,0.0,0.0,0.0029824561403508773,0.0,0.0,0.0,1.0,0.5,0.05,0.04208,0
1.0,0.32330827067669177,0.5892857142857143,0.0,0.5384615384615385,0.375,0.14035087719298245,1.0,0.0,0.0,0.0,0.5,0.04,0.0,0
1.0,0.24556390977443607,0.037142857142857144,0.0,0.15384615384615385,0.5,0.017543859649122806,1.0,1.0,0.14925373134328357,1.0,0.5,0.066,0.00028,0
1.0,0.21172932330827063,0.14285714285714285,0.0,0.15384615384615385,0.875,0.20175438596491227,1.0,1.0,0.029850746268656716,1.0,0.5,0.0375,0.0,0
1.0,0.09398496240601503,0.04464285714285714,0.0,0.23076923076923078,0.375,0.0043859649122807015,0.0,0.0,0.0,0.0,0.5,0.07,4e-05,0
1.0,0.3609022556390977,0.25,0.5,0.7692307692307694,0.875,0.40350877192982454,1.0,1.0,0.1044776119402985,1.0,0.5,0.15,5.000000000000001e-05,0
0.0,0.2206015037593985,0.125,0.5,0.6153846153846154,0.375,0.029298245614035084,1.0,0.0,0.0,0.0,0.0,0.14,0.0,1
0.0,0.1341353383458647,0.011964285714285714,0.5,0.7692307692307694,0.375,0.02631578947368421,0.0,0.0,0.0,0.0,0.0,0.08,0.0,0
1.0,0.6966917293233083,0.5178571428571428,0.5,0.0,0.0,0.631578947368421,1.0,1.0,0.22388059701492538,1.0,0.5,0.0,0.010000000000000002,1
1.0,0.27819548872180455,0.5,0.0,0.0,0.0,0.0,0.0,1.0,0.029850746268656716,0.0,0.5,0.08,1e-05,0
0.0,0.27323308270676694,0.11160714285714285,0.5,0.0,0.0,0.10666666666666666,0.0,1.0,0.029850746268656716,1.0,0.5,0.1,4e-05,0
0.0,0.27699248120300757,0.05214285714285714,0.5,0.6153846153846154,0.375,0.03807017543859649,1.0,1.0,0.23880597014925373,0.0,0.5,0.06,0.020790000000000003,1
1.0,0.08390977443609018,0.33928571428571425,0.5,0.7692307692307694,0.375,0.03508771929824561,1.0,0.0,0.0,1.0,0.5,0.03,0.004000000000000001,1
0.0,0.03383458646616541,0.005892857142857142,0.5,0.38461538461538464,0.375,0.03508771929824561,0.0,1.0,0.029850746268656716,1.0,0.5,0.16,1e-05,0
1.0,0.3070676691729324,0.09821428571428571,0.5,0.15384615384615385,0.5,0.08771929824561403,0.0,0.0,0.0,1.0,0.5,0.116,0.002,0
1.0,0.2718796992481203,0.08928571428571427,0.5,0.38461538461538464,0.375,0.2631578947368421,1.0,0.0,0.0,1.0,0.5,0.2615,0.0,0
0.0,0.17789473684210524,0.0,0.5,0.5384615384615385,0.375,0.0,0.0,0.0,0.0,0.0,1.0,0.092,0.0,1
1.0,0.16541353383458643,0.019285714285714285,0.5,0.4615384615384616,0.375,0.03508771929824561,0.0,0.0,0.0,1.0,0.5,0.06,1e-05,0
1.0,0.31954887218045114,0.08928571428571427,0.5,0.15384615384615385,0.375,0.03508771929824561,0.0,0.0,0.0,1.0,0.5,0.105,0.0,0
0.0,0.2706766917293233,0.10714285714285714,0.0,0.3076923076923077,0.25,0.0,0.0,0.0,0.0,0.0,0.5,0.08,0.0002,0
0.0,0.20180451127819551,0.04464285714285714,0.5,0.0,0.0,0.0,0.0,1.0,0.014925373134328358,0.0,0.5,0.046,0.003,0
0.0,0.13157894736842105,0.30214285714285716,0.0,1.0000000000000002,0.375,0.0863157894736842,0.0,0.0,0.0,0.0,0.5,0.082,0.0,1
0.0,0.2544360902255639,0.42857142857142855,0.5,0.5384615384615385,0.375,0.07017543859649122,1.0,1.0,0.014925373134328358,0.0,0.5,0.11,0.00019,1
1.0,0.21172932330827063,0.05357142857142857,0.5,0.6153846153846154,0.375,0.07894736842105263,0.0,1.0,0.014925373134328358,1.0,0.5,0.05,3.0000000000000004e-05,0
0.0,0.21684210526315792,0.013392857142857142,0.5,0.7692307692307694,0.375,0.02052631578947368,1.0,1.0,0.05970149253731343,0.0,0.5,0.04,0.0,1
1.0,0.1717293233082707,0.125,0.5,0.9230769230769231,0.375,0.021929824561403508,1.0,1.0,0.1044776119402985,0.0,0.5,0.0,0.07059000000000001,1
1.0,0.4034586466165413,0.17857142857142855,0.5,0.5384615384615385,0.375,0.17543859649122806,1.0,1.0,0.1044776119402985,0.0,0.5,0.0,0.030650000000000004,1
0.0,0.20932330827067672,0.05357142857142857,0.5,0.4615384615384616,0.375,0.07017543859649122,1.0,0.0,0.0,0.0,0.0,0.184,0.0,0
1.0,0.11533834586466166,0.026785714285714284,0.0,0.8461538461538463,0.75,0.02631578947368421,0.0,0.0,0.0,1.0,0.5,0.066,2.0000000000000005e-05,0
0.0,0.23684210526315788,0.03875,0.0,1.0000000000000002,0.375,0.03508771929824561,0.0,0.0,0.0,0.0,0.5,0.14,0.00013000000000000002,0
1.0,0.10406015037593988,0.01482142857142857,0.5,0.5384615384615385,0.375,0.0043859649122807015,0.0,0.0,0.0,0.0,0.5,0.0,0.00044,0
1.0,0.15293233082706767,0.05357142857142857,0.5,0.07692307692307693,0.875,0.06578947368421052,1.0,1.0,0.08955223880597014,0.0,0.5,0.1,0.0032700000000000003,1
1.0,0.5237593984962405,0.23214285714285712,0.5,0.7692307692307694,0.875,0.21052631578947367,1.0,0.0,0.0,1.0,0.5,0.17500000000000002,0.0,1
1.0,0.46736842105263154,0.25,0.0,0.5384615384615385,0.375,0.05701754385964912,0.0,0.0,0.0,0.0,0.5,0.08,2.0000000000000005e-05,0
0.0,0.40977443609022557,0.07285714285714286,0.0,0.7692307692307694,0.875,0.0043859649122807015,1.0,1.0,0.34328358208955223,1.0,0.5,0.2275,0.012360000000000001,1
1.0,0.3733834586466165,0.11910714285714286,0.5,0.6153846153846154,0.375,0.14035087719298245,1.0,1.0,0.208955223880597,0.0,0.5,0.1915,0.013440000000000002,1
0.0,0.3996992481203008,0.2901785714285714,0.0,0.23076923076923078,0.375,0.005789473684210527,0.0,1.0,0.029850746268656716,0.0,0.5,0.092,0.00018,0
0.0,0.16917293233082706,0.03125,0.5,1.0000000000000002,0.875,0.036491228070175435,1.0,0.0,0.0,1.0,0.5,0.08,0.0586,1
1.0,0.32330827067669177,0.11303571428571428,0.5,1.0000000000000002,0.875,0.13157894736842105,1.0,0.0,0.0,1.0,0.5,0.34,0.0,0
0.0,0.13909774436090225,0.4196428571428571,0.5,1.0000000000000002,0.875,0.017543859649122806,1.0,1.0,0.029850746268656716,1.0,0.5,0.15,0.005510000000000001,1
1.0,0.17548872180451128,0.019285714285714285,0.5,0.6153846153846154,0.375,0.005789473684210527,0.0,1.0,0.014925373134328358,0.0,0.5,0.136,0.00444,0
1.0,0.21052631578947364,0.04607142857142857,0.5,0.23076923076923078,0.875,0.008771929824561403,0.0,0.0,0.0,1.0,0.0,0.07,0.0,0
1.0,0.29203007518797,0.10857142857142857,0.0,0.5384615384615385,0.875,0.07157894736842105,1.0,1.0,0.014925373134328358,1.0,0.5,0.09,0.18027,1
1.0,0.24691729323308273,0.017857142857142856,0.5,0.5384615384615385,0.375,0.06140350877192982,1.0,1.0,0.16417910447761194,0.0,0.5,0.016,0.005400000000000001,1
1.0,0.1942857142857143,0.5208928571428572,0.5,0.15384615384615385,0.5,0.0,0.0,0.0,0.0,1.0,0.5,0.089,0.0,0
0.0,0.09518796992481202,0.04464285714285714,0.5,0.5384615384615385,0.375,0.0,0.0,0.0,0.0,0.0,0.5,0.0,0.0,0
0.0,0.1590977443609022,0.08928571428571427,0.0,0.15384615384615385,0.5,0.15789473684210525,0.0,0.0,0.0,0.0,0.5,0.1,0.004560000000000001,0
0.0,0.651578947368421,0.011964285714285714,0.5,0.15384615384615385,0.5,0.03508771929824561,1.0,0.0,0.0,1.0,0.5,0.126,0.021970000000000003,0
1.0,0.52,0.42857142857142855,0.5,0.4615384615384616,0.375,0.5614035087719298,1.0,0.0,0.0,0.0,0.0,0.055,0.0,1
0.0,0.37593984962406013,0.05357142857142857,0.5,0.0,0.0,0.0,0.0,0.0,0.0,0.0,0.5,0.038,0.0,0
0.0,0.3609022556390977,0.19642857142857142,0.5,0.7692307692307694,0.375,0.0043859649122807015,1.0,0.0,0.0,1.0,0.5,0.114,0.0,1
1.0,0.1215037593984962,0.008928571428571428,0.5,0.07692307692307693,0.875,0.023333333333333334,1.0,0.0,0.0,1.0,0.5,0.0,0.0,1
1.0,0.1942857142857143,0.09678571428571428,0.0,0.9230769230769231,0.375,0.18421052631578946,1.0,1.0,0.014925373134328358,0.0,0.5,0.1055,0.0,1
1.0,0.058947368421052665,0.15928571428571428,0.5,0.5384615384615385,0.375,0.008771929824561403,0.0,0.0,0.0,0.0,0.0,0.04,0.0,0
1.0,0.24691729323308273,0.23214285714285712,0.5,0.9230769230769231,0.375,0.10964912280701754,1.0,1.0,0.11940298507462686,0.0,0.5,0.165,0.012000000000000002,1
0.0,0.6717293233082707,0.75,0.5,0.15384615384615385,0.5,0.3508771929824561,1.0,1.0,0.19402985074626866,0.0,0.5,0.0,0.067,1
0.0,0.3221052631578948,0.13392857142857142,0.5,0.0,0.0,0.0,0.0,1.0,0.08955223880597014,0.0,0.5,0.0,0.002,0
1.0,0.613984962406015,0.33624999999999994,0.5,0.0,0.0,0.5057894736842105,1.0,1.0,0.16417910447761194,1.0,0.5,0.015,0.003,1
1.0,0.18917293233082702,0.46428571428571425,0.5,0.6923076923076923,0.125,0.0,0.0,0.0,0.0,1.0,0.5,0.07,0.0111,0
1.0,0.3409022556390978,0.026785714285714284,0.0,0.07692307692307693,0.375,0.02052631578947368,0.0,0.0,0.0,0.0,0.5,0.12,3.0000000000000004e-05,0
1.0,0.17669172932330826,0.013392857142857142,0.5,0.4615384615384616,0.375,0.008771929824561403,1.0,1.0,0.04477611940298507,0.0,0.5,0.13,0.15108,1
1.0,0.06646616541353387,0.36607142857142855,0.5,0.5384615384615385,0.875,0.03807017543859649,0.0,0.0,0.0,0.0,0.5,0.16,0.00013000000000000002,0
0.0,0.25308270676691724,0.3808928571428571,0.5,0.7692307692307694,0.875,0.0029824561403508773,0.0,1.0,0.1791044776119403,1.0,0.5,0.0645,3.0000000000000004e-05,0
1.0,0.03879699248120297,0.09821428571428571,0.5,0.38461538461538464,0.375,0.023333333333333334,0.0,1.0,0.014925373134328358,0.0,0.5,0.04,0.00021,0
1.0,0.6341353383458647,0.4107142857142857,0.5,0.0,0.0,0.17543859649122806,1.0,1.0,0.07462686567164178,0.0,0.5,0.0,0.08851,1
1.0,0.1341353383458647,0.056607142857142856,0.0,0.6153846153846154,0.375,0.10824561403508771,1.0,1.0,0.08955223880597014,0.0,0.5,0.04,0.0,1
1.0,0.14030075187969923,0.4107142857142857,0.5,0.15384615384615385,0.375,0.12280701754385964,1.0,1.0,0.13432835820895522,0.0,0.5,0.028,0.007420000000000001,1
1.0,0.3057142857142857,0.002857142857142857,0.0,0.4615384615384616,0.5,0.0014035087719298245,1.0,1.0,0.014925373134328358,1.0,0.5,0.14,0.02,1
1.0,0.2679699248120301,0.14285714285714285,0.0,0.15384615384615385,0.375,0.0029824561403508773,0.0,0.0,0.0,1.0,0.5,0.20550000000000002,0.0,0
0.0,0.36962406015037597,0.15767857142857142,0.5,0.5384615384615385,0.375,0.0043859649122807015,0.0,0.0,0.0,0.0,0.5,0.08,0.0,0
1.0,0.13789473684210526,0.006071428571428571,0.5,0.4615384615384616,0.375,0.0029824561403508773,0.0,0.0,0.0,0.0,0.0,0.0,0.0,0
0.0,0.4123308270676692,0.23214285714285712,0.5,0.7692307692307694,0.375,0.017543859649122806,1.0,1.0,0.04477611940298507,1.0,0.5,0.0725,0.0,1
1.0,0.28827067669172934,0.08928571428571427,0.5,0.38461538461538464,0.375,0.06140350877192982,0.0,1.0,0.029850746268656716,1.0,0.5,0.36,0.0,0
1.0,0.20932330827067672,0.07142857142857142,0.5,1.0000000000000002,0.875,0.03508771929824561,1.0,1.0,0.05970149253731343,0.0,0.5,0.07,0.07544000000000001,1
1.0,0.03503759398496237,0.026785714285714284,0.5,0.5384615384615385,0.375,0.06140350877192982,1.0,1.0,0.07462686567164178,1.0,0.5,0.176,0.006900000000000001,1
1.0,0.2679699248120301,0.17857142857142855,0.0,0.38461538461538464,0.375,0.2982456140350877,1.0,0.0,0.0,0.0,0.5,0.0,0.0,0
1.0,0.3984962406015038,0.7678571428571428,0.5,0.6923076923076923,1.0,0.7017543859649122,1.0,1.0,0.16417910447761194,0.0,0.5,0.0,0.012000000000000002,1
1.0,0.40977443609022557,0.0014285714285714286,0.5,0.6923076923076923,0.375,0.0014035087719298245,0.0,1.0,0.014925373134328358,0.0,0.0,0.28,0.0,1
0.0,0.4861654135338346,0.10714285714285714,0.5,0.5384615384615385,0.375,0.08333333333333333,1.0,1.0,0.11940298507462686,1.0,0.5,0.198,0.04159,1
1.0,0.3822556390977444,0.06107142857142857,0.5,1.0000000000000002,0.375,0.0043859649122807015,1.0,1.0,0.07462686567164178,1.0,0.5,0.24,0.0,1
1.0,0.3834586466165414,0.33928571428571425,0.5,0.4615384615384616,0.375,0.22807017543859648,1.0,1.0,0.208955223880597,0.0,0.5,0.12,0.04607,1
1.0,0.2330827067669173,0.46428571428571425,0.5,0.07692307692307693,0.875,0.017543859649122806,0.0,0.0,0.0,0.0,0.5,0.114,0.0,0
1.0,0.08646616541353383,0.010357142857142856,0.5,0.23076923076923078,0.375,0.010175438596491226,0.0,0.0,0.0,0.0,0.5,0.14,0.0036400000000000004,0
1.0,0.14285714285714288,0.03571428571428571,0.5,0.5384615384615385,0.375,0.029298245614035084,1.0,0.0,0.0,0.0,0.0,0.15,0.0,1
1.0,0.424812030075188,0.3496428571428571,0.5,1.0000000000000002,0.875,0.27929824561403505,1.0,1.0,0.11940298507462686,0.0,0.5,0.0,0.0,1
1.0,0.2744360902255639,0.0625,0.0,0.6923076923076923,0.875,0.0014035087719298245,1.0,0.0,0.0,1.0,0.5,0.1965,0.0,1
0.0,0.2906766917293233,0.05803571428571428,0.5,0.07692307692307693,0.375,0.018947368421052633,0.0,0.0,0.0,1.0,0.5,0.0,0.0,0
1.0,0.20932330827067672,0.49107142857142855,0.5,0.6153846153846154,0.375,0.20175438596491227,1.0,0.0,0.0,1.0,0.5,0.2435,0.005000000000000001,1
1.0,0.1266165413533835,0.02089285714285714,0.0,0.0,0.0,0.0,0.0,0.0,0.0,0.0,0.5,0.05,0.0,0
0.0,0.07639097744360898,0.15767857142857142,0.0,0.5384615384615385,0.875,0.10526315789473684,1.0,0.0,0.0,0.0,0.5,0.12,0.0,1
0.0,0.23684210526315788,0.07142857142857142,0.0,0.6923076923076923,0.875,0.07017543859649122,0.0,0.0,0.0,0.0,0.5,0.128,0.00017,0
1.0,0.3935338345864662,0.22178571428571428,0.5,0.7692307692307694,0.375,0.0014035087719298245,1.0,1.0,0.014925373134328358,0.0,0.5,0.1,0.003,1
1.0,0.31203007518797,0.14428571428571427,0.0,0.15384615384615385,0.5,0.2982456140350877,1.0,1.0,0.1044776119402985,1.0,0.5,0.0975,0.0,1
1.0,0.9473684210526315,0.7960714285714285,0.5,0.6923076923076923,1.0,0.4473684210526315,1.0,1.0,0.014925373134328358,1.0,0.5,0.0,0.00109,1
1.0,0.368421052631579,0.36160714285714285,0.0,0.23076923076923078,0.375,0.0043859649122807015,0.0,0.0,0.0,0.0,0.5,0.08,0.0,0
1.0,0.03759398496240601,0.029821428571428568,0.5,0.4615384615384616,0.375,0.0029824561403508773,1.0,0.0,0.0,0.0,0.0,0.1,0.0,0
0.0,0.7093233082706767,0.17857142857142855,0.5,0.38461538461538464,0.375,0.14035087719298245,1.0,1.0,0.05970149253731343,0.0,0.5,0.0,0.00099,1
1.0,0.3371428571428572,0.015,0.0,0.6153846153846154,0.375,0.010175438596491226,0.0,0.0,0.0,1.0,0.5,0.1545,2.0000000000000005e-05,0
1.0,0.2679699248120301,0.013392857142857142,0.5,0.07692307692307693,0.375,0.03070175438596491,1.0,0.0,0.0,1.0,0.0,0.464,0.0,0
1.0,0.35458646616541356,0.09517857142857142,0.5,0.9230769230769231,0.375,0.005789473684210527,0.0,0.0,0.0,1.0,0.5,0.0,0.0050100000000000006,0
1.0,0.03383458646616541,0.11160714285714285,0.5,0.6153846153846154,0.375,0.0029824561403508773,0.0,1.0,0.014925373134328358,0.0,0.5,0.0,6.000000000000001e-05,0
1.0,0.19924812030075187,0.05357142857142857,0.0,0.6153846153846154,0.375,0.013157894736842105,1.0,0.0,0.0,1.0,0.5,0.13,0.010650000000000001,1
1.0,0.113984962406015,0.375,0.5,0.5384615384615385,0.375,0.10526315789473684,1.0,0.0,0.0,1.0,0.5,0.0,0.0,1
1.0,0.12781954887218047,0.016428571428571428,0.5,0.23076923076923078,0.375,0.0043859649122807015,0.0,0.0,0.0,1.0,0.5,0.14,0.00055,0
1.0,0.23684210526315788,0.020714285714285713,0.5,0.6153846153846154,0.375,0.010175438596491226,0.0,1.0,0.014925373134328358,0.0,0.5,0.17,0.028030000000000003,0
0.0,0.2793984962406014,0.019285714285714285,0.5,0.9230769230769231,0.375,0.0014035087719298245,1.0,0.0,0.0,0.0,0.5,0.22,0.11177000000000001,1
1.0,0.43233082706766923,0.17553571428571427,0.0,0.6153846153846154,0.375,0.11105263157894736,1.0,0.0,0.0,1.0,0.5,0.026000000000000002,0.014420000000000002,1
1.0,0.12781954887218047,0.3214285714285714,0.5,0.38461538461538464,0.375,0.0029824561403508773,0.0,0.0,0.0,0.0,0.5,0.0,0.0,0
1.0,0.6040601503759399,0.34375,0.5,0.6923076923076923,0.375,0.3040350877192982,1.0,1.0,0.07462686567164178,0.0,0.5,0.0,0.0,1
1.0,0.1792481203007519,0.4464285714285714,0.5,0.9230769230769231,0.375,0.04245614035087719,1.0,1.0,1.0,1.0,0.5,0.07,0.0025800000000000003,1
0.0,0.6754887218045112,0.15928571428571428,0.5,0.7692307692307694,0.875,0.10666666666666666,1.0,1.0,0.08955223880597014,0.0,0.5,0.021500000000000002,0.005600000000000001,1
1.0,0.10406015037593988,0.029821428571428568,0.0,0.5384615384615385,0.375,0.07017543859649122,0.0,0.0,0.0,1.0,0.0,0.12,0.0,0
1.0,0.3421052631578948,0.15178571428571427,0.5,0.7692307692307694,0.375,0.12280701754385964,0.0,0.0,0.0,0.0,0.5,0.227,0.0005,0
0.0,0.5,0.46428571428571425,0.5,0.15384615384615385,0.5,0.1812280701754386,1.0,1.0,0.13432835820895522,1.0,0.5,0.0,0.0,1
1.0,0.42601503759398496,0.037142857142857144,0.5,0.6153846153846154,0.375,0.17543859649122806,1.0,1.0,0.08955223880597014,1.0,0.5,0.25,0.1,1
0.0,0.16165413533834586,0.017857142857142856,0.5,0.7692307692307694,0.875,0.05263157894736842,1.0,0.0,0.0,0.0,0.5,0.14,0.00824,1
0.0,0.8696240601503759,0.0,0.5,0.5384615384615385,0.375,0.0,0.0,0.0,0.0,0.0,1.0,0.092,0.0,1
1.0,0.1867669172932331,0.029821428571428568,0.5,0.9230769230769231,0.375,0.04087719298245614,0.0,0.0,0.0,0.0,0.5,0.05,0.0,0
1.0,0.33954887218045116,0.07589285714285714,0.0,0.6153846153846154,0.375,0.0029824561403508773,1.0,1.0,0.014925373134328358,0.0,0.5,0.025,0.011870000000000002,1
1.0,0.14030075187969923,0.4107142857142857,0.5,0.6153846153846154,0.875,0.07456140350877193,1.0,1.0,0.16417910447761194,1.0,0.5,0.145,0.00284,1
1.0,0.1717293233082707,0.21428571428571427,0.5,0.5384615384615385,0.375,0.03508771929824561,1.0,1.0,0.04477611940298507,0.0,0.5,0.0,0.0,1
1.0,0.27323308270676694,0.15928571428571428,0.5,0.9230769230769231,0.875,0.2119298245614035,1.0,1.0,0.04477611940298507,0.0,0.5,0.1555,0.003,1
0.0,0.075187969924812,0.26785714285714285,0.5,0.7692307692307694,0.375,0.09508771929824561,1.0,1.0,0.07462686567164178,0.0,0.5,0.092,0.26726,1
1.0,0.3371428571428572,0.6473214285714285,0.5,0.6153846153846154,0.375,0.0029824561403508773,0.0,0.0,0.0,0.0,0.5,0.16,0.03552,0
1.0,0.21684210526315792,0.004464285714285714,0.0,0.23076923076923078,0.375,0.0029824561403508773,0.0,0.0,0.0,0.0,0.5,0.108,0.021,0
1.0,0.2756390977443609,0.14285714285714285,0.0,0.9230769230769231,0.375,0.05263157894736842,0.0,0.0,0.0,1.0,0.5,0.06,0.0,0
1.0,0.10902255639097744,0.10714285714285714,0.0,0.07692307692307693,0.375,0.03807017543859649,1.0,1.0,0.11940298507462686,1.0,0.5,0.08,1e-05,1
0.0,0.03879699248120297,0.0075,0.5,0.38461538461538464,0.375,0.0043859649122807015,0.0,0.0,0.0,0.0,0.5,0.1,1e-05,0
1.0,0.1440601503759398,0.4151785714285714,0.0,0.6153846153846154,0.375,0.029298245614035084,1.0,0.0,0.0,1.0,0.5,0.08,0.003,1
0.0,0.09894736842105259,0.3571428571428571,0.5,0.5384615384615385,0.875,0.03508771929824561,1.0,1.0,0.05970149253731343,0.0,0.5,0.025,0.014650000000000002,1
0.0,0.0651127819548872,0.013392857142857142,1.0,0.9230769230769231,0.0,0.3508771929824561,0.0,0.0,0.0,1.0,0.0,0.15,0.0,1
1.0,0.0500751879699248,0.1175,0.5,0.15384615384615385,0.375,0.011754385964912281,0.0,0.0,0.0,1.0,0.5,0.07,2.0000000000000005e-05,0
0.0,0.07639097744360898,0.3407142857142857,0.5,0.38461538461538464,0.375,0.0029824561403508773,1.0,0.0,0.0,0.0,0.5,0.05,0.0,1
1.0,0.07398496240601507,0.17857142857142855,0.5,0.7692307692307694,0.375,0.013157894736842105,1.0,1.0,0.029850746268656716,0.0,0.5,0.0,0.00038,0
0.0,0.2506766917293233,0.049107142857142856,0.5,0.6153846153846154,0.875,0.0014035087719298245,0.0,1.0,0.04477611940298507,0.0,0.5,0.0,0.00033,0
1.0,0.5162406015037594,0.2157142857142857,0.5,0.23076923076923078,0.375,0.0014035087719298245,0.0,0.0,0.0,0.0,0.5,0.0,0.026900000000000004,1
0.0,0.1729323308270677,0.4821428571428571,0.0,0.0,0.0,0.07017543859649122,0.0,1.0,0.014925373134328358,1.0,0.5,0.1,1e-05,0
0.0,0.5777443609022557,0.0,0.0,0.0,0.0,0.0,0.0,0.0,0.0,0.0,0.5,0.0,0.0,0
0.0,0.1341353383458647,0.25,0.5,0.5384615384615385,0.375,0.005789473684210527,0.0,0.0,0.0,0.0,0.5,0.08,0.0,0
1.0,0.3571428571428571,0.029821428571428568,0.5,0.6923076923076923,0.375,0.0014035087719298245,0.0,0.0,0.0,0.0,0.5,0.06,5.000000000000001e-05,0
1.0,0.5237593984962405,0.007321428571428571,0.0,0.23076923076923078,0.375,0.008771929824561403,1.0,1.0,0.16417910447761194,0.0,0.5,0.19,0.027320000000000004,1
1.0,0.4586466165413534,0.39285714285714285,0.0,0.07692307692307693,0.375,0.05263157894736842,1.0,0.0,0.0,0.0,0.0,0.0,0.0,0
1.0,0.1792481203007519,0.010357142857142856,0.0,0.5384615384615385,0.375,0.05263157894736842,0.0,0.0,0.0,1.0,0.5,0.08,0.0,0
1.0,0.44105263157894736,0.013392857142857142,0.0,0.5384615384615385,0.375,0.013157894736842105,1.0,1.0,0.11940298507462686,1.0,0.5,0.15,0.0016200000000000001,1
0.0,0.13789473684210526,0.04464285714285714,0.5,0.7692307692307694,0.375,0.008771929824561403,0.0,0.0,0.0,1.0,0.5,0.06,0.008090000000000002,0
0.0,0.16541353383458643,0.10714285714285714,0.5,0.7692307692307694,0.875,0.0643859649122807,1.0,1.0,0.2835820895522388,0.0,0.5,0.0,0.005000000000000001,1
1.0,0.2030075187969925,0.056607142857142856,0.5,0.9230769230769231,0.875,0.0643859649122807,1.0,1.0,0.1791044776119403,1.0,0.5,0.2915,0.007130000000000001,1
0.0,0.6428571428571429,0.5714285714285714,0.5,0.3076923076923077,0.0,0.0,1.0,1.0,0.22388059701492538,0.0,0.5,0.0,0.00247,1
1.0,0.518796992481203,0.8958928571428572,0.5,0.6153846153846154,0.375,0.06140350877192982,1.0,1.0,0.04477611940298507,0.0,0.5,0.06,0.00014000000000000001,1
0.0,0.11022556390977442,0.17857142857142855,0.0,0.0,0.0,0.0,0.0,0.0,0.0,0.0,0.5,0.0,0.0,0
1.0,0.07263157894736841,0.2039285714285714,0.5,0.07692307692307693,0.375,0.018947368421052633,0.0,0.0,0.0,0.0,0.5,0.06,0.0,0
0.0,0.5463157894736842,0.4478571428571428,0.5,0.38461538461538464,0.375,0.08035087719298245,1.0,1.0,0.04477611940298507,1.0,0.5,0.078,0.0,1
0.0,0.7732330827067669,0.5,0.5,0.0,0.0,0.0,1.0,1.0,0.16417910447761194,1.0,0.5,0.0,0.014000000000000002,1
1.0,0.20932330827067672,0.026785714285714284,0.5,0.7692307692307694,0.875,0.005789473684210527,0.0,0.0,0.0,1.0,0.5,0.11,0.00251,0
1.0,0.4085714285714286,0.017857142857142856,0.0,0.4615384615384616,0.375,0.017543859649122806,0.0,0.0,0.0,1.0,0.5,0.065,0.0,0
0.0,0.2995488721804511,0.013392857142857142,0.5,0.9230769230769231,0.375,0.013157894736842105,0.0,0.0,0.0,0.0,0.5,0.15,0.00044,1
1.0,0.05639097744360902,0.7857142857142857,1.0,0.0,0.75,0.0,0.0,0.0,0.0,1.0,1.0,0.225,1.0,1
0.0,0.1666165413533834,0.1607142857142857,0.5,0.6153846153846154,0.375,0.03508771929824561,0.0,0.0,0.0,1.0,0.5,0.18,6.000000000000001e-05,0
0.0,0.651578947368421,0.6964285714285714,0.5,0.5384615384615385,0.375,0.19298245614035087,1.0,1.0,0.1044776119402985,0.0,0.5,0.0,0.030000000000000002,1
0.0,0.13037593984962406,0.40178571428571425,0.0,1.0000000000000002,0.875,0.02631578947368421,1.0,1.0,0.05970149253731343,0.0,0.5,0.0,0.00321,1
0.0,0.1341353383458647,0.028214285714285713,0.5,0.15384615384615385,0.375,0.0029824561403508773,0.0,0.0,0.0,0.0,0.5,0.07200000000000001,0.0,0
1.0,0.0651127819548872,0.19642857142857142,0.5,0.23076923076923078,0.375,0.017543859649122806,1.0,0.0,0.0,0.0,0.5,0.04,0.0,1
1.0,0.26315789473684215,0.10124999999999999,0.5,0.0,0.0,0.0,0.0,1.0,0.07462686567164178,0.0,0.5,0.088,0.0014600000000000001,0
0.0,0.27819548872180455,0.05357142857142857,0.5,0.5384615384615385,0.375,0.008771929824561403,0.0,0.0,0.0,1.0,0.5,0.186,0.0012200000000000002,0
1.0,0.7368421052631579,0.25,0.5,0.6923076923076923,1.0,0.0,0.0,0.0,0.0,0.0,0.5,0.0,0.00012000000000000002,0
1.0,0.021353383458646624,0.25,0.5,0.6923076923076923,0.375,0.03508771929824561,0.0,0.0,0.0,0.0,0.5,0.3,0.0,0
1.0,0.1879699248120301,0.055,0.5,0.6153846153846154,0.375,0.0043859649122807015,0.0,0.0,0.0,0.0,0.5,0.05,0.0,0
1.0,0.42105263157894735,0.03428571428571428,0.5,1.0000000000000002,0.375,0.08771929824561403,1.0,0.0,0.0,0.0,0.5,0.255,0.006000000000000001,1
0.0,0.595187969924812,0.005892857142857142,0.5,0.0,0.0,0.0,0.0,0.0,0.0,1.0,0.0,0.031,0.00027,0
1.0,0.424812030075188,0.007321428571428571,0.5,0.15384615384615385,0.875,0.17982456140350878,1.0,0.0,0.0,0.0,0.5,0.2,0.0,1
1.0,0.443609022556391,0.10714285714285714,0.5,0.7692307692307694,0.875,0.21052631578947367,1.0,1.0,0.16417910447761194,0.0,0.5,0.04,0.0,1
1.0,0.18045112781954883,0.026785714285714284,0.5,0.5384615384615385,0.5,0.008771929824561403,1.0,0.0,0.0,0.0,0.5,0.17450000000000002,0.00023000000000000003,1
0.0,0.7568421052631579,0.005892857142857142,0.5,0.0,0.0,0.0,1.0,1.0,0.014925373134328358,0.0,0.5,0.116,0.001,1
0.0,0.17413533834586462,0.0744642857142857,0.5,0.5384615384615385,0.875,0.09649122807017543,1.0,0.0,0.0,1.0,0.5,0.18,1e-05,0
1.0,0.25308270676691724,0.09678571428571428,0.0,0.4615384615384616,0.375,0.0043859649122807015,0.0,0.0,0.0,1.0,0.0,0.04,0.0,0
1.0,0.423609022556391,0.015,0.5,0.5384615384615385,0.875,0.007368421052631578,1.0,1.0,0.08955223880597014,0.0,0.5,0.11,0.00948,1
1.0,0.8333834586466166,0.3214285714285714,0.5,0.0,0.0,0.14035087719298245,0.0,1.0,0.014925373134328358,0.0,0.5,0.035,6.000000000000001e-05,0
1.0,0.08150375939849627,0.33928571428571425,0.5,0.6153846153846154,0.375,0.05263157894736842,1.0,0.0,0.0,0.0,0.5,0.06,0.022060000000000003,1
1.0,0.2606015037593985,0.05357142857142857,0.0,0.6153846153846154,0.375,0.0014035087719298245,0.0,0.0,0.0,0.0,0.0,0.08,0.0,0
0.0,0.33458646616541354,0.03571428571428571,0.5,0.5384615384615385,0.375,0.07017543859649122,1.0,1.0,0.16417910447761194,0.0,0.5,0.0,0.004560000000000001,1
0.0,0.4849624060150376,0.14285714285714285,0.5,0.3076923076923077,0.25,0.0,1.0,0.0,0.0,0.0,0.5,0.05,0.009600000000000001,1
0.0,0.20796992481203005,0.10714285714285714,0.5,0.4615384615384616,0.375,0.09789473684210526,0.0,1.0,0.014925373134328358,1.0,0.5,0.14,0.0001,0
1.0,0.34466165413533834,0.15767857142857142,0.0,0.23076923076923078,0.375,0.008771929824561403,1.0,1.0,0.14925373134328357,1.0,0.5,0.16,0.0,1
0.0,0.24436090225563908,0.18892857142857142,0.5,0.6923076923076923,0.125,0.07894736842105263,1.0,1.0,0.07462686567164178,1.0,0.5,0.0495,0.005000000000000001,1
0.0,0.14541353383458647,0.028214285714285713,0.0,0.7692307692307694,0.375,0.05263157894736842,1.0,1.0,0.029850746268656716,1.0,0.5,0.04,0.004000000000000001,1
0.0,0.14781954887218043,0.02964285714285714,0.5,0.7692307692307694,0.375,0.014561403508771928,0.0,1.0,0.014925373134328358,1.0,0.5,0.1,0.00011000000000000002,0
0.0,0.5827067669172933,0.25,0.5,0.38461538461538464,0.875,0.10526315789473684,0.0,0.0,0.0,0.0,0.5,0.0,0.0,0
1.0,0.2330827067669173,0.5282142857142856,0.5,0.38461538461538464,0.375,0.17684210526315788,1.0,1.0,0.07462686567164178,1.0,0.5,0.084,0.0,1
1.0,0.2055639097744361,0.4464285714285714,0.5,0.38461538461538464,0.5,0.008771929824561403,0.0,0.0,0.0,1.0,0.5,0.36,0.0,0
1.0,0.34466165413533834,0.07142857142857142,0.5,0.15384615384615385,0.375,0.008771929824561403,0.0,0.0,0.0,1.0,0.5,0.1105,0.0,0
0.0,0.368421052631579,0.21428571428571427,0.5,0.23076923076923078,0.375,0.03508771929824561,1.0,0.0,0.0,1.0,0.5,0.0,0.0,1
1.0,0.3571428571428571,0.0625,0.0,0.5384615384615385,0.5,0.008771929824561403,1.0,0.0,0.0,1.0,0.5,0.082,0.004000000000000001,0
1.0,0.3157894736842105,0.08928571428571427,0.5,0.9230769230769231,0.5,0.017543859649122806,0.0,0.0,0.0,0.0,0.5,0.17400000000000002,0.0,0
1.0,0.9999999999999999,0.19642857142857142,0.5,0.5384615384615385,0.375,0.018947368421052633,1.0,0.0,0.0,0.0,0.5,0.0,0.0034000000000000002,0
1.0,0.09654135338345868,0.20089285714285712,0.5,0.6153846153846154,0.375,0.06,1.0,0.0,0.0,0.0,0.0,0.06,0.0,1
0.0,0.4147368421052632,0.03571428571428571,0.5,0.15384615384615385,0.5,0.07894736842105263,1.0,0.0,0.0,1.0,0.5,0.0,0.003,1
1.0,0.20796992481203005,0.07285714285714286,0.0,0.38461538461538464,0.375,0.07017543859649122,1.0,1.0,0.04477611940298507,1.0,0.5,0.185,0.005600000000000001,1
1.0,0.35458646616541356,0.23214285714285712,0.5,0.4615384615384616,0.875,0.14912280701754385,1.0,1.0,0.1791044776119403,1.0,0.5,0.0465,0.0,1
1.0,0.18421052631578946,0.03571428571428571,0.5,0.7692307692307694,0.375,0.06140350877192982,1.0,0.0,0.0,1.0,0.5,0.14,0.0,1
1.0,0.12526315789473683,0.08339285714285714,0.5,0.23076923076923078,0.375,0.02631578947368421,0.0,0.0,0.0,0.0,0.5,0.09,0.0,0
1.0,0.16045112781954887,0.07142857142857142,0.5,0.6923076923076923,0.125,0.005789473684210527,0.0,1.0,0.029850746268656716,0.0,0.5,0.16,0.013000000000000001,0
1.0,0.41609022556390984,0.17857142857142855,0.5,0.7692307692307694,0.875,0.17543859649122806,1.0,1.0,0.08955223880597014,1.0,0.5,0.23500000000000001,0.0,1
1.0,0.1365413533834586,0.10714285714285714,0.5,0.4615384615384616,0.375,0.04526315789473684,1.0,1.0,0.014925373134328358,0.0,0.5,0.13,0.008000000000000002,1
0.0,0.17548872180451128,0.040178571428571425,0.5,0.7692307692307694,0.375,0.04526315789473684,1.0,1.0,0.029850746268656716,0.0,0.5,0.1,0.0,0
1.0,0.2030075187969925,0.02232142857142857,0.5,0.38461538461538464,0.375,0.015964912280701755,1.0,0.0,0.0,1.0,0.5,0.1,0.0,0
1.0,0.08526315789473685,0.2589285714285714,0.5,0.4615384615384616,0.375,0.0014035087719298245,0.0,1.0,0.014925373134328358,0.0,0.5,0.05,1e-05,0
0.0,0.24060150375939846,0.02375,0.5,0.6153846153846154,0.375,0.008771929824561403,0.0,0.0,0.0,1.0,0.5,0.15,0.0,0
1.0,0.43609022556390975,0.14589285714285713,0.5,0.38461538461538464,0.375,0.0014035087719298245,0.0,0.0,0.0,0.0,0.5,0.054,0.001,0
1.0,0.4184962406015037,0.0625,0.5,0.23076923076923078,0.375,0.007368421052631578,1.0,0.0,0.0,0.0,0.5,0.08,0.0,0
0.0,0.45744360902255643,0.23803571428571427,0.5,0.7692307692307694,0.375,0.2587719298245614,1.0,1.0,0.04477611940298507,1.0,0.5,0.0,0.0,1
1.0,0.7330827067669173,0.45535714285714285,0.0,0.5384615384615385,0.875,0.17543859649122806,1.0,0.0,0.0,0.0,0.5,0.056,0.0,0
1.0,0.12406015037593984,0.028214285714285713,0.5,0.6153846153846154,0.375,0.010175438596491226,0.0,1.0,0.014925373134328358,0.0,0.5,0.21,0.00283,0
0.0,0.2679699248120301,0.05357142857142857,0.5,0.0,0.0,0.0,0.0,1.0,0.029850746268656716,1.0,0.5,0.1,0.0010500000000000002,0
0.0,0.13157894736842105,0.30357142857142855,0.5,0.7692307692307694,0.375,0.06140350877192982,1.0,1.0,0.14925373134328357,0.0,0.5,0.04,0.0099,0
1.0,0.09398496240601503,0.25,0.5,0.5384615384615385,0.375,0.017543859649122806,0.0,0.0,0.0,0.0,0.5,0.0,0.0,0
0.0,0.11278195488721807,0.08339285714285714,0.5,0.15384615384615385,0.5,0.017543859649122806,1.0,1.0,0.05970149253731343,0.0,0.0,0.04,0.0,1
0.0,0.19293233082706765,0.0907142857142857,0.0,0.0,0.0,0.0,0.0,0.0,0.0,1.0,0.5,0.09,0.0006000000000000001,0
1.0,0.5726315789473684,0.07285714285714286,0.0,0.0,0.0,0.05263157894736842,0.0,0.0,0.0,0.0,0.5,0.06,1e-05,0
1.0,0.5162406015037594,0.13392857142857142,0.5,0.15384615384615385,0.5,0.03508771929824561,0.0,0.0,0.0,0.0,0.5,0.05,2.0000000000000005e-05,0
1.0,0.4598496240601504,0.017857142857142856,0.5,0.15384615384615385,0.875,0.17543859649122806,1.0,0.0,0.0,1.0,0.5,0.16,0.0,1
1.0,0.16285714285714284,0.4821428571428571,0.0,0.0,0.0,0.0,0.0,0.0,0.0,0.0,0.5,0.092,0.0,0
1.0,0.4034586466165413,0.05357142857142857,0.5,0.15384615384615385,0.5,0.0,0.0,0.0,0.0,0.0,0.0,0.15,0.0,0
1.0,0.13157894736842105,0.004464285714285714,0.0,0.23076923076923078,0.375,0.0043859649122807015,0.0,0.0,0.0,0.0,0.5,0.1,0.0007,0
1.0,0.4172932330827067,0.055,0.5,0.15384615384615385,0.5,0.12280701754385964,0.0,0.0,0.0,0.0,0.5,0.108,0.0,1
0.0,0.3007518796992481,0.026785714285714284,0.5,0.23076923076923078,0.5,0.03508771929824561,1.0,1.0,0.04477611940298507,1.0,0.5,0.106,0.0,0
1.0,0.1416541353383459,0.0,0.5,0.5384615384615385,0.375,0.0,0.0,0.0,0.0,0.0,1.0,0.092,0.0,1
0.0,0.15533834586466164,0.017857142857142856,0.5,0.7692307692307694,0.875,0.043859649122807015,1.0,1.0,0.014925373134328358,0.0,0.5,0.0,0.006780000000000001,1
0.0,0.10030075187969925,0.375,0.0,1.0000000000000002,0.875,0.0,0.0,0.0,0.0,1.0,0.5,0.077,0.00032,0
0.0,0.3258646616541354,0.42857142857142855,0.5,0.7692307692307694,0.875,0.49122807017543857,1.0,1.0,0.11940298507462686,0.0,0.5,0.0,0.06590000000000001,1
1.0,0.4123308270676692,0.04464285714285714,0.0,0.6153846153846154,0.375,0.008771929824561403,0.0,0.0,0.0,0.0,0.5,0.0,0.0019500000000000003,0
1.0,0.6566917293233083,0.30357142857142855,0.5,0.6923076923076923,0.875,0.24561403508771928,1.0,1.0,0.04477611940298507,0.0,0.5,0.0,0.0,1
1.0,0.264360902255639,0.6964285714285714,0.5,0.5384615384615385,0.375,0.24561403508771928,1.0,1.0,0.23880597014925373,0.0,0.5,0.0,0.05,1
1.0,0.2544360902255639,0.08928571428571427,0.5,0.9230769230769231,0.875,0.07894736842105263,0.0,0.0,0.0,1.0,0.0,0.17,0.0,0
0.0,0.16917293233082706,0.44035714285714284,0.5,0.9230769230769231,0.875,0.12280701754385964,1.0,1.0,0.08955223880597014,0.0,0.5,0.2,0.004580000000000001,1
0.0,0.4598496240601504,0.0,0.5,0.5384615384615385,0.375,0.08771929824561403,1.0,0.0,0.0,0.0,0.5,0.0,0.0,1
0.0,0.053834586466165374,0.33928571428571425,0.5,0.38461538461538464,0.375,0.06140350877192982,0.0,1.0,0.14925373134328357,1.0,0.5,0.0,0.0001,0
1.0,0.16285714285714284,0.4464285714285714,0.5,0.6153846153846154,0.375,0.03070175438596491,1.0,0.0,0.0,1.0,0.5,0.13,0.0,0
1.0,0.13278195488721803,0.35857142857142854,0.5,1.0000000000000002,0.375,0.0014035087719298245,1.0,1.0,0.13432835820895522,0.0,0.5,0.03,0.003960000000000001,1
0.0,0.1365413533834586,0.08178571428571428,0.5,0.7692307692307694,0.875,0.08035087719298245,1.0,1.0,0.1044776119402985,1.0,0.5,0.07,0.023840000000000004,1
1.0,0.1942857142857143,0.0625,0.0,0.5384615384615385,0.375,0.03508771929824561,1.0,1.0,0.07462686567164178,1.0,0.5,0.08,0.05777,1
1.0,0.30827067669172936,0.10714285714285714,0.5,0.9230769230769231,0.875,0.2601754385964912,1.0,0.0,0.0,1.0,0.5,0.0,0.0,1
1.0,0.10902255639097744,0.17107142857142857,0.0,0.6153846153846154,0.375,0.07894736842105263,1.0,1.0,0.014925373134328358,1.0,0.5,0.04,0.003,1
0.0,0.22300751879699246,0.12642857142857142,0.5,0.15384615384615385,0.5,0.017543859649122806,1.0,0.0,0.0,1.0,0.5,0.0855,0.0,0
0.0,0.13278195488721803,0.3839285714285714,0.5,0.7692307692307694,0.375,0.014561403508771928,1.0,1.0,0.07462686567164178,1.0,0.5,0.0,0.005600000000000001,1
1.0,0.2356390977443609,0.04464285714285714,0.5,0.5384615384615385,0.875,0.008771929824561403,0.0,1.0,0.029850746268656716,1.0,0.5,0.2,0.00108,0
1.0,0.37473684210526315,0.0075,0.5,0.23076923076923078,0.375,0.0029824561403508773,1.0,0.0,0.0,1.0,0.5,0.14,0.0,1
1.0,0.6102255639097744,0.24107142857142855,0.5,0.5384615384615385,0.875,0.09210526315789473,1.0,1.0,0.16417910447761194,1.0,0.5,0.0,0.00284,1
1.0,0.19548872180451124,0.1607142857142857,0.0,0.5384615384615385,0.5,0.08771929824561403,0.0,0.0,0.0,0.0,0.5,0.1,0.012100000000000001,0
1.0,0.3169924812030075,0.08928571428571427,0.0,0.6153846153846154,0.375,0.10526315789473684,0.0,0.0,0.0,0.0,0.0,0.1,0.0,0
0.0,0.16165413533834586,0.45535714285714285,0.5,0.5384615384615385,0.5,0.16666666666666666,1.0,1.0,0.029850746268656716,0.0,0.5,0.0365,0.00444,1
0.0,0.16285714285714284,0.023928571428571428,0.5,0.38461538461538464,0.875,0.06140350877192982,1.0,0.0,0.0,0.0,0.5,0.2,0.0,0
0.0,0.35458646616541356,0.08928571428571427,0.5,0.15384615384615385,0.875,0.007368421052631578,0.0,0.0,0.0,0.0,0.5,0.13,0.0024600000000000004,0
1.0,0.5815037593984963,0.05357142857142857,0.5,0.07692307692307693,0.375,0.13157894736842105,0.0,0.0,0.0,1.0,0.5,0.0,0.0035,0
1.0,0.10150375939849623,0.3571428571428571,0.0,0.5384615384615385,0.375,0.08771929824561403,1.0,0.0,0.0,0.0,0.0,0.02,0.0,1
1.0,0.1590977443609022,0.23660714285714285,0.0,0.07692307692307693,0.375,0.19298245614035087,1.0,0.0,0.0,1.0,0.0,0.05,0.0,1
0.0,0.08150375939849627,0.30660714285714286,0.5,0.9230769230769231,0.875,0.02631578947368421,1.0,1.0,0.1044776119402985,0.0,0.5,0.048,0.0,1
1.0,0.10526315789473681,0.18160714285714286,0.0,0.3076923076923077,0.375,0.010175438596491226,0.0,0.0,0.0,0.0,0.5,0.07,0.00184,0
1.0,0.2995488721804511,0.07732142857142857,0.5,0.5384615384615385,0.375,0.05263157894736842,0.0,0.0,0.0,0.0,1.0,0.06,0.0,0
1.0,0.3872180451127819,0.05803571428571428,0.5,0.5384615384615385,0.375,0.05263157894736842,0.0,0.0,0.0,0.0,0.5,0.0,0.00316,0
1.0,0.2556390977443609,0.056607142857142856,0.5,0.07692307692307693,0.375,0.02052631578947368,0.0,0.0,0.0,1.0,0.0,0.0,0.0,0
0.0,0.057593984962406,0.3214285714285714,0.5,0.38461538461538464,0.375,0.04824561403508772,1.0,0.0,0.0,1.0,0.5,0.0,0.0,1
0.0,0.058947368421052665,0.0,0.0,0.3076923076923077,0.0,0.0,0.0,0.0,0.0,0.0,0.5,0.043000000000000003,0.0,0
0.0,0.19804511278195489,0.4821428571428571,0.5,0.7692307692307694,0.875,0.17543859649122806,1.0,1.0,0.029850746268656716,0.0,0.5,0.0,0.05,1
1.0,0.68796992481203,0.09821428571428571,0.5,0.6153846153846154,0.375,0.06140350877192982,1.0,1.0,0.07462686567164178,1.0,0.5,0.03,0.00058,1
1.0,0.3935338345864662,0.019285714285714285,0.0,0.38461538461538464,0.375,0.017543859649122806,1.0,1.0,0.04477611940298507,0.0,0.5,0.1,0.010000000000000002,1
0.0,0.10030075187969925,0.029821428571428568,0.5,0.7692307692307694,0.375,0.055614035087719296,1.0,1.0,0.014925373134328358,0.0,0.5,0.0,0.0,1
1.0,0.08766917293233081,0.02089285714285714,0.5,0.0,0.0,0.0,0.0,1.0,0.04477611940298507,0.0,0.5,0.17500000000000002,0.007690000000000001,0
1.0,0.30827067669172936,0.0625,0.5,0.6153846153846154,0.5,0.008771929824561403,1.0,0.0,0.0,1.0,0.5,0.0815,0.0,0
0.0,0.10406015037593988,0.10714285714285714,0.5,0.7692307692307694,0.375,0.005789473684210527,1.0,1.0,0.04477611940298507,0.0,0.5,0.05,6.000000000000001e-05,1
1.0,0.4085714285714286,0.029821428571428568,0.5,0.0,0.0,0.0,1.0,0.0,0.0,0.0,0.5,0.065,1e-05,0
0.0,0.22556390977443605,0.13392857142857142,0.5,0.5384615384615385,0.375,0.03807017543859649,1.0,1.0,0.014925373134328358,1.0,0.5,0.1855,0.0,1
1.0,0.556390977443609,0.02089285714285714,0.5,0.0,0.0,0.0,0.0,0.0,0.0,0.0,0.5,0.0725,0.0,0
1.0,0.1266165413533835,0.08035714285714285,0.5,0.15384615384615385,0.375,0.0043859649122807015,0.0,0.0,0.0,0.0,0.5,0.08,0.0001,0
1.0,0.09654135338345868,0.29178571428571426,0.5,0.38461538461538464,0.375,0.0687719298245614,1.0,1.0,0.208955223880597,0.0,0.5,0.03,0.00158,1
1.0,0.052631578947368446,0.10714285714285714,0.5,0.23076923076923078,0.375,0.0014035087719298245,0.0,0.0,0.0,1.0,0.5,0.08,0.0004,0
1.0,0.06390977443609022,0.005892857142857142,0.5,0.7692307692307694,0.75,0.007368421052631578,0.0,0.0,0.0,0.0,0.5,0.1,0.0004,1
1.0,0.06646616541353387,0.08785714285714286,0.5,0.5384615384615385,0.75,0.03368421052631579,0.0,1.0,0.029850746268656716,1.0,0.5,0.08,0.005870000000000001,0
0.0,0.5488721804511278,0.029821428571428568,0.5,0.38461538461538464,0.375,0.017543859649122806,0.0,0.0,0.0,1.0,0.5,0.12,0.00117,0
1.0,0.09774436090225566,0.3557142857142857,0.5,0.6923076923076923,0.125,0.0,1.0,0.0,0.0,0.0,0.5,0.0,0.0,1
1.0,0.38090225563909774,0.21428571428571427,0.5,0.4615384615384616,0.375,0.04526315789473684,1.0,1.0,0.07462686567164178,1.0,0.5,0.054,0.01097,1
0.0,0.25187969924812026,0.23214285714285712,0.5,0.5384615384615385,0.5,0.14035087719298245,1.0,1.0,0.1044776119402985,1.0,0.5,0.0,0.030650000000000004,1
0.0,0.29203007518797,0.08035714285714285,0.0,0.9230769230769231,0.375,0.12280701754385964,0.0,0.0,0.0,1.0,0.5,0.1,0.00141,0
0.0,0.03503759398496237,0.011964285714285714,0.5,0.0,0.0,0.0,0.0,1.0,0.014925373134328358,0.0,0.5,0.08,0.00126,0
0.0,0.10150375939849623,0.42267857142857146,0.5,0.5384615384615385,0.875,0.21052631578947367,1.0,0.0,0.0,0.0,0.5,0.17,0.0,1
1.0,0.2793984962406014,0.125,0.5,0.23076923076923078,0.375,0.017543859649122806,0.0,0.0,0.0,1.0,0.5,0.116,0.0,0
1.0,0.16917293233082706,0.4464285714285714,0.5,0.38461538461538464,0.375,0.10526315789473684,1.0,0.0,0.0,1.0,0.0,0.01,0.0,1
0.0,0.10646616541353379,0.10714285714285714,0.5,0.38461538461538464,0.375,0.0014035087719298245,1.0,0.0,0.0,0.0,0.5,0.05,0.0,1
1.0,0.07142857142857142,0.07142857142857142,0.5,0.15384615384615385,0.375,0.05263157894736842,1.0,1.0,0.029850746268656716,0.0,0.5,0.06,0.003,1
1.0,0.07263157894736841,0.36749999999999994,0.5,0.0,0.0,0.014561403508771928,0.0,0.0,0.0,0.0,0.5,0.04,0.0,0
1.0,0.17413533834586462,0.020714285714285713,0.5,0.5384615384615385,0.375,0.010175438596491226,1.0,1.0,0.1044776119402985,1.0,0.5,0.048,0.05124,1
1.0,0.21172932330827063,0.03571428571428571,0.0,0.07692307692307693,0.875,0.10526315789473684,0.0,0.0,0.0,0.0,0.5,0.088,0.005370000000000001,0
1.0,0.09518796992481202,0.008928571428571428,0.5,0.7692307692307694,0.375,0.0043859649122807015,0.0,0.0,0.0,0.0,0.5,0.1,0.0,0
1.0,0.4273684210526316,0.18,0.5,0.7692307692307694,0.875,0.4473684210526315,1.0,0.0,0.0,1.0,0.5,0.046,0.0,1
1.0,0.30451127819548873,0.1607142857142857,0.5,0.38461538461538464,0.375,0.03508771929824561,1.0,0.0,0.0,1.0,0.5,0.12,0.0,0
0.0,0.07774436090225564,0.3214285714285714,0.5,0.38461538461538464,0.375,0.02631578947368421,1.0,1.0,0.029850746268656716,0.0,0.5,0.044,0.005910000000000001,1
1.0,0.22436090225563912,0.5178571428571428,0.5,0.07692307692307693,0.375,0.0043859649122807015,0.0,0.0,0.0,0.0,0.5,0.0,0.00286,0
1.0,0.5263157894736842,0.9405357142857143,0.0,0.0,0.0,0.0,1.0,0.0,0.0,1.0,0.5,0.0,0.0,0
1.0,0.11278195488721807,0.05357142857142857,0.5,0.6153846153846154,0.375,0.05263157894736842,0.0,0.0,0.0,0.0,0.5,0.075,8e-05,1
0.0,0.18045112781954883,0.017857142857142856,0.5,0.5384615384615385,0.875,0.03070175438596491,1.0,0.0,0.0,1.0,0.5,0.2455,0.0,1
1.0,0.25684210526315787,0.0,0.5,0.6153846153846154,0.375,0.043859649122807015,1.0,1.0,0.014925373134328358,0.0,0.5,0.101,0.0,1
0.0,0.7042105263157894,0.5892857142857143,0.5,0.7692307692307694,0.375,0.38596491228070173,1.0,0.0,0.0,1.0,0.5,0.0105,0.10561000000000001,1
0.0,0.8383458646616541,0.21428571428571427,0.5,0.0,0.0,0.0,0.0,0.0,0.0,0.0,0.0,0.0,0.0,0
1.0,0.08646616541353383,0.3423214285714286,0.5,0.38461538461538464,0.375,0.027719298245614036,0.0,0.0,0.0,0.0,0.5,0.04,0.0035,0
0.0,0.041353383458646614,0.04464285714285714,0.5,0.7692307692307694,0.375,0.008771929824561403,0.0,1.0,0.014925373134328358,0.0,0.5,0.054,0.00098,0
1.0,0.1416541353383459,0.0,0.5,0.9230769230769231,0.375,0.0029824561403508773,1.0,0.0,0.0,0.0,0.5,0.0,0.0,1
0.0,0.3996992481203008,0.2692857142857143,0.0,0.7692307692307694,0.875,0.2807017543859649,1.0,1.0,0.208955223880597,0.0,0.5,0.0,0.023000000000000003,1
1.0,0.43609022556390975,0.10714285714285714,0.5,0.15384615384615385,0.5,0.03508771929824561,1.0,0.0,0.0,0.0,0.5,0.0,0.002,0
1.0,0.13909774436090225,0.02232142857142857,0.0,0.38461538461538464,0.375,0.0043859649122807015,1.0,0.0,0.0,0.0,0.5,0.09,1e-05,0
1.0,0.23187969924812032,0.125,0.5,0.6153846153846154,0.375,0.12280701754385964,1.0,1.0,0.04477611940298507,1.0,0.5,0.1645,0.0,0
0.0,0.21548872180451126,0.5357142857142857,0.0,0.6923076923076923,1.0,0.0,1.0,0.0,0.0,0.0,0.5,0.0,0.13212,1
1.0,0.7455639097744361,0.019285714285714285,0.5,0.5384615384615385,0.375,0.02052631578947368,1.0,1.0,0.04477611940298507,1.0,0.5,0.09,0.0,0
1.0,0.11157894736842108,0.008928571428571428,0.0,0.5384615384615385,0.875,0.008771929824561403,0.0,0.0,0.0,0.0,0.5,0.14,0.00204,0
1.0,0.23939849624060153,0.05053571428571428,0.5,0.6153846153846154,0.875,0.02631578947368421,1.0,1.0,0.014925373134328358,0.0,0.5,0.12,0.001,1
1.0,0.5100751879699248,0.08928571428571427,0.5,0.4615384615384616,0.5,0.08771929824561403,1.0,1.0,0.1791044776119403,1.0,0.5,0.20500000000000002,0.0251,1
1.0,0.1867669172932331,0.008928571428571428,0.5,0.15384615384615385,0.5,0.0,1.0,0.0,0.0,1.0,0.5,0.0,0.0,1
1.0,0.31834586466165415,0.08928571428571427,0.5,0.6153846153846154,0.375,0.0,1.0,0.0,0.0,1.0,0.5,0.11950000000000001,0.002,1
0.0,0.03007518796992481,0.013392857142857142,0.5,0.5384615384615385,0.375,0.03508771929824561,0.0,0.0,0.0,0.0,0.5,0.06,0.00018,0
1.0,0.13278195488721803,0.05357142857142857,0.0,0.38461538461538464,0.375,0.018947368421052633,0.0,0.0,0.0,1.0,0.5,0.06,0.00067,0
1.0,0.47248120300751884,0.05357142857142857,0.5,0.5384615384615385,0.375,0.08771929824561403,1.0,0.0,0.0,1.0,0.5,0.07,0.0,0
1.0,0.3921804511278195,0.017857142857142856,0.5,0.4615384615384616,0.375,0.008771929824561403,1.0,0.0,0.0,0.0,0.0,0.14400000000000002,0.0,0
1.0,0.2756390977443609,0.14285714285714285,0.5,0.4615384615384616,0.375,0.08771929824561403,1.0,0.0,0.0,1.0,0.5,0.18,0.0,1
1.0,0.2869172932330827,0.08928571428571427,0.5,0.9230769230769231,0.875,0.09649122807017543,1.0,1.0,0.08955223880597014,0.0,0.5,0.08,0.020720000000000002,1
0.0,0.13789473684210526,0.41375,0.5,0.9230769230769231,0.375,0.0014035087719298245,1.0,0.0,0.0,0.0,0.5,0.04,0.013490000000000002,1
1.0,0.1341353383458647,0.005892857142857142,0.5,0.5384615384615385,0.25,0.07894736842105263,0.0,0.0,0.0,1.0,0.0,0.0,0.0,1
1.0,0.2679699248120301,0.017857142857142856,0.5,0.5384615384615385,0.5,0.029298245614035084,1.0,0.0,0.0,1.0,0.0,0.16,0.0,0
1.0,0.09398496240601503,0.0,0.5,0.07692307692307693,0.375,0.017543859649122806,0.0,0.0,0.0,0.0,0.5,0.07200000000000001,0.0,0
1.0,0.12526315789473683,0.39285714285714285,0.5,0.9230769230769231,0.375,0.023333333333333334,1.0,0.0,0.0,0.0,0.5,0.05,0.0,1
0.0,0.06646616541353387,0.3571428571428571,0.0,0.7692307692307694,0.875,0.005789473684210527,0.0,0.0,0.0,0.0,0.5,0.17,0.0,0
1.0,0.517593984962406,0.125,0.5,0.38461538461538464,0.375,0.12280701754385964,1.0,0.0,0.0,0.0,0.0,0.115,0.0,1
1.0,0.5801503759398496,0.049107142857142856,0.0,0.5384615384615385,0.875,0.3319298245614035,1.0,0.0,0.0,1.0,0.5,0.1,0.001,0
1.0,0.2679699248120301,0.14285714285714285,0.5,1.0000000000000002,0.375,0.17543859649122806,1.0,1.0,0.04477611940298507,1.0,0.5,0.145,0.02279,1
1.0,0.15293233082706767,0.02089285714285714,0.0,0.9230769230769231,0.875,0.0043859649122807015,0.0,0.0,0.0,0.0,0.5,0.12,1e-05,0
1.0,0.21924812030075183,0.17857142857142855,0.5,0.6153846153846154,0.375,0.38596491228070173,1.0,0.0,0.0,1.0,0.5,0.035,0.0,1
0.0,0.18541353383458645,0.3094642857142857,0.5,0.38461538461538464,0.375,0.04964912280701754,1.0,0.0,0.0,0.0,0.5,0.08,0.0015,1
1.0,0.21428571428571427,0.07142857142857142,0.5,0.23076923076923078,0.875,0.146140350877193,1.0,1.0,0.029850746268656716,1.0,0.5,0.0905,0.0,1
1.0,0.2793984962406014,0.08928571428571427,0.5,0.5384615384615385,0.375,0.043859649122807015,0.0,0.0,0.0,1.0,0.5,0.14,0.0,0
0.0,0.07639097744360898,0.33928571428571425,0.5,0.6153846153846154,0.375,0.05701754385964912,1.0,1.0,0.08955223880597014,1.0,0.5,0.02,0.006000000000000001,1
0.0,0.30330827067669175,0.056607142857142856,0.0,0.0,0.0,0.0,1.0,0.0,0.0,0.0,0.5,0.16,0.0,0
1.0,0.2807518796992481,0.07732142857142857,0.0,0.23076923076923078,0.0,0.0,0.0,0.0,0.0,0.0,0.5,0.06,0.0,0
1.0,0.24691729323308273,0.03875,0.0,0.5384615384615385,0.375,0.0014035087719298245,0.0,0.0,0.0,0.0,0.5,0.085,0.0017900000000000001,0
1.0,0.37969924812030076,0.17857142857142855,0.5,0.9230769230769231,0.375,0.12280701754385964,1.0,1.0,0.14925373134328357,1.0,0.5,0.0,0.0,1
1.0,0.12526315789473683,0.4092857142857143,0.5,0.23076923076923078,0.375,0.055614035087719296,0.0,0.0,0.0,1.0,0.5,0.05,0.01212,0
1.0,0.10150375939849623,0.08625,0.5,0.5384615384615385,0.375,0.07017543859649122,1.0,1.0,0.16417910447761194,1.0,0.5,0.1,0.030000000000000002,1
1.0,0.2694736842105263,0.5773214285714285,0.5,0.07692307692307693,0.375,0.10526315789473684,1.0,1.0,0.13432835820895522,0.0,0.5,0.125,0.007300000000000001,1
0.0,0.26315789473684215,0.13392857142857142,0.5,0.9230769230769231,0.875,0.021929824561403508,1.0,1.0,0.13432835820895522,1.0,0.5,0.0905,0.0,1
1.0,0.3822556390977444,0.08928571428571427,0.0,0.15384615384615385,0.875,0.3508771929824561,0.0,0.0,0.0,1.0,0.0,0.1,0.0,0
0.0,0.4699248120300752,0.16374999999999998,0.5,0.23076923076923078,0.875,0.03508771929824561,0.0,0.0,0.0,1.0,0.0,0.12,0.0,0
1.0,0.11654135338345864,0.4107142857142857,0.5,0.15384615384615385,0.375,0.017543859649122806,1.0,0.0,0.0,1.0,0.5,0.05,0.00068,0
0.0,0.11654135338345864,0.21428571428571427,0.5,0.38461538461538464,0.375,0.08771929824561403,1.0,1.0,0.04477611940298507,0.0,0.5,0.04,0.00918,1
1.0,0.5387969924812029,0.6785714285714285,0.5,0.0,0.0,0.0,1.0,1.0,0.014925373134328358,0.0,0.5,0.047,0.0,0
1.0,0.3057142857142857,0.23214285714285712,0.5,0.38461538461538464,0.375,0.0043859649122807015,1.0,0.0,0.0,1.0,0.5,0.2215,0.0,0
1.0,0.1792481203007519,0.07892857142857142,0.0,0.38461538461538464,0.375,0.14035087719298245,1.0,0.0,0.0,0.0,0.5,0.094,0.0,0
1.0,0.14030075187969923,0.0,0.5,0.23076923076923078,0.375,0.03508771929824561,0.0,1.0,0.16417910447761194,0.0,0.0,0.0,0.0,0
1.0,0.041353383458646614,0.004464285714285714,0.5,0.5384615384615385,0.375,0.005789473684210527,0.0,0.0,0.0,0.0,0.5,0.066,0.0,0
1.0,0.15037593984962402,0.01482142857142857,0.0,0.5384615384615385,0.375,0.0014035087719298245,0.0,1.0,0.029850746268656716,0.0,0.5,0.064,6.000000000000001e-05,0
1.0,0.537593984962406,0.2708928571428571,0.5,0.15384615384615385,0.5,0.26614035087719295,1.0,1.0,0.22388059701492538,1.0,0.5,0.0,0.05,1
1.0,0.0500751879699248,0.0030357142857142857,0.0,0.5384615384615385,0.375,0.0014035087719298245,0.0,0.0,0.0,0.0,0.5,0.07,0.007220000000000001,0
0.0,0.10646616541353379,0.30357142857142855,0.5,0.5384615384615385,0.375,0.005789473684210527,0.0,0.0,0.0,0.0,0.5,0.0,0.00351,0
0.0,0.5063157894736843,0.10714285714285714,0.5,1.0000000000000002,0.375,0.48684210526315785,1.0,1.0,0.029850746268656716,1.0,0.5,0.2595,0.017040000000000003,1
1.0,0.4123308270676692,0.14428571428571427,0.5,0.9230769230769231,0.875,0.24561403508771928,1.0,1.0,0.11940298507462686,0.0,0.5,0.16,0.0,1
0.0,0.2906766917293233,0.16517857142857142,0.5,0.7692307692307694,0.875,0.05701754385964912,1.0,1.0,0.029850746268656716,0.0,0.5,0.0,0.0,1
1.0,0.16917293233082706,0.40178571428571425,0.5,0.5384615384615385,0.375,0.08771929824561403,1.0,1.0,0.2537313432835821,0.0,0.5,0.1,0.012080000000000002,1
0.0,0.4285714285714286,0.0625,0.0,0.5384615384615385,0.375,0.0,0.0,0.0,0.0,1.0,0.5,0.075,1e-05,0
1.0,0.5124812030075188,0.14875,0.5,1.0000000000000002,0.5,0.0029824561403508773,0.0,0.0,0.0,1.0,0.5,0.26,0.0,0
1.0,0.13157894736842105,0.4107142857142857,0.0,0.4615384615384616,0.375,0.05263157894736842,0.0,0.0,0.0,1.0,0.5,0.0,0.04,0
1.0,0.3221052631578948,0.08928571428571427,0.5,0.23076923076923078,0.375,0.15789473684210525,1.0,1.0,0.1044776119402985,0.0,0.5,0.075,0.012700000000000001,1
0.0,0.14285714285714288,0.20982142857142855,0.5,0.7692307692307694,0.375,0.11122807017543859,1.0,1.0,0.14925373134328357,0.0,0.5,0.06,0.0024500000000000004,1
0.0,0.6590977443609022,0.07142857142857142,0.5,0.0,0.0,0.22807017543859648,0.0,1.0,0.014925373134328358,0.0,0.5,0.0,0.0001,0
1.0,0.81203007518797,0.19642857142857142,0.5,0.6923076923076923,1.0,0.45614035087719296,1.0,1.0,0.014925373134328358,1.0,0.5,0.0,0.0,1
1.0,0.8972932330827067,0.6339285714285714,0.5,0.0,0.0,0.0,1.0,0.0,0.0,1.0,0.5,0.0,0.0,1
1.0,0.13909774436090225,0.026785714285714284,0.5,0.4615384615384616,0.375,0.017543859649122806,1.0,0.0,0.0,1.0,0.0,0.16,0.0,0
1.0,0.2995488721804511,0.04464285714285714,0.5,0.6153846153846154,0.375,0.04087719298245614,0.0,0.0,0.0,0.0,0.5,0.06,0.0,0
